"Date", "Wind Dir", "Wind Speed", "Temp.", "Humi.", "heatidx", "Pres.", "Prec.", "Vis."
"17/05/17", "0", "0.0", "29.3", "73.4", "34.2", "0.0", "0.0", ""
"17/05/18", "0", "0.0", "22.7", "50.9", "25.0", "0.0", "0.0", ""
"17/05/19", "0", "0.0", "23.2", "50.3", "25.1", "0.0", "0.0", ""
"18/07/26", "0", "0.0", "24.7", "51.1", "25.7", "1003.1", "1.6", ""
"19/12/21", "44", "0.0", "25.3", "6.1", "24.5", "993.0", "0.0", ""
"19/12/22", "0", "0.0", "25.5", "6.7", "24.6", "995.0", "0.0", ""
"19/12/23", "254", "0.0", "25.3", "0.0", "24.1", "996.3", "0.0", ""
"19/12/25", "124", "1.4", "26.6", "0.0", "25.3", "990.5", "0.0", ""
"19/12/28", "38", "4.1", "22.6", "59.1", "24.7", "994.1", "0.8", ""
"20/01/02", "50", "5.5", "25.2", "57.9", "26.1", "997.7", "0.0", ""
"20/01/07", "55", "3.7", "25.4", "55.0", "26.3", "993.4", "0.4", ""
"20/01/08", "58", "3.6", "26.2", "55.8", "27.0", "992.8", "0.0", ""
"20/01/16", "70", "2.8", "25.2", "54.5", "26.1", "992.7", "0.0", ""
"20/01/31", "61", "3.6", "21.5", "46.0", "25.0", "994.5", "0.0", ""
"20/02/12", "162", "2.3", "27.8", "47.9", "28.1", "992.2", "0.0", ""
"20/02/26", "52", "4.0", "26.1", "41.6", "26.3", "992.9", "0.0", ""
"20/03/12", "165", "2.6", "30.3", "43.8", "30.5", "991.1", "0.0", ""
"20/03/14", "73", "5.3", "30.9", "40.4", "30.8", "991.0", "0.0", ""
"20/03/28", "188", "2.4", "31.2", "45.3", "32.0", "987.5", "0.0", ""
"20/04/02", "85", "3.0", "26.6", "77.9", "28.8", "990.2", "21.0", ""
"20/04/04", "63", "3.7", "30.2", "51.3", "31.5", "991.0", "0.0", ""
"20/04/05", "65", "4.2", "29.1", "50.2", "29.8", "991.3", "0.0", ""
"20/04/09", "50", "3.5", "25.3", "74.3", "26.3", "992.1", "1.4", ""
"20/04/17", "174", "3.5", "28.0", "56.0", "29.1", "991.3", "0.0", ""
"20/04/22", "172", "4.7", "31.5", "54.0", "34.3", "989.3", "61.4", ""
"20/04/23", "57", "4.1", "28.6", "55.1", "29.8", "990.7", "0.0", ""
"20/04/26", "53", "6.1", "26.3", "44.9", "26.6", "993.1", "0.0", ""
"20/05/02", "198", "1.5", "31.3", "49.1", "32.9", "987.0", "0.0", ""
"20/05/06", "169", "3.0", "30.8", "53.7", "33.1", "987.1", "0.0", ""
"20/05/07", "204", "2.8", "32.5", "47.5", "34.7", "986.2", "0.0", ""
"20/05/14", "221", "2.6", "30.3", "68.5", "35.3", "987.6", "0.0", ""
"20/05/18", "219", "2.0", "29.0", "78.0", "34.3", "985.4", "0.0", ""
"20/05/26", "180", "3.3", "28.5", "80.0", "33.5", "989.7", "0.0", ""
"20/05/29", "155", "2.9", "27.8", "83.7", "32.1", "990.0", "0.2", ""
"20/06/10", "194", "3.0", "30.1", "64.5", "34.0", "987.3", "0.0", ""
"20/06/12", "199", "2.1", "27.6", "85.1", "31.9", "983.8", "6.2", ""
"20/06/22", "194", "2.8", "30.0", "73.3", "35.9", "986.4", "0.0", ""
"20/06/25", "196", "2.9", "30.6", "68.6", "36.1", "985.8", "0.0", ""
"20/06/26", "188", "2.2", "27.6", "82.8", "31.5", "986.8", "5.6", ""
"20/07/12", "186", "2.6", "28.1", "81.4", "32.5", "986.0", "1.4", ""
"20/08/04", "171", "3.1", "27.0", "90.4", "30.9", "984.0", "10.8", ""
"20/08/05", "204", "2.7", "27.5", "88.1", "31.9", "985.9", "0.0", ""
"20/08/20", "156", "2.1", "24.5", "99.4", "23.9", "988.1", "4.4", ""
"20/08/27", "165", "2.7", "26.0", "93.2", "28.2", "984.3", "2.8", ""
"20/09/01", "237", "1.5", "28.4", "83.7", "33.7", "987.3", "0.0", ""
"20/09/17", "269", "1.9", "28.1", "88.5", "33.9", "983.3", "15.2", ""
"20/09/26", "214", "1.5", "26.2", "91.0", "28.5", "987.2", "0.8", ""
"20/10/08", "39", "4.2", "24.3", "93.6", "23.9", "987.4", "4.4", ""
"20/10/16", "36", "4.1", "24.8", "93.5", "25.1", "984.8", "7.6", ""
"20/10/18", "24", "2.5", "21.8", "98.4", "18.3", "987.3", "235.1", ""
"20/10/19", "27", "2.7", "22.3", "93.7", "20.0", "989.3", "0.0", ""
"20/10/20", "39", "4.4", "23.3", "82.5", "23.3", "990.5", "0.0", ""
"20/10/22", "48", "2.3", "19.7", "84.5", "19.9", "991.2", "0.0", ""
"20/11/04", "43", "4.1", "23.9", "78.6", "24.3", "992.9", "0.0", ""
"20/11/12", "51", "6.3", "23.0", "69.8", "24.1", "994.3", "0.0", ""
"20/11/17", "51", "2.5", "25.9", "80.9", "27.5", "990.3", "0.0", ""
"20/11/19", "53", "2.2", "26.4", "79.0", "28.4", "989.0", "0.0", ""
"20/12/01", "44", "5.9", "23.1", "71.2", "24.1", "994.7", "0.0", ""
"20/12/14", "51", "3.6", "25.9", "77.6", "27.3", "991.0", "0.0", ""
"21/01/15", "57", "2.8", "22.0", "68.9", "23.7", "990.4", "0.0", ""
"21/01/21", "54", "3.0", "22.3", "71.6", "23.5", "991.1", "0.0", ""
"21/01/22", "52", "3.8", "22.4", "72.0", "23.5", "990.9", "0.0", ""
"21/01/23", "62", "3.2", "22.8", "63.8", "24.4", "990.9", "0.0", ""
"21/01/24", "92", "1.9", "23.4", "68.7", "24.5", "990.9", "0.0", ""
"21/01/25", "56", "3.6", "25.7", "61.2", "26.6", "990.8", "0.0", ""
"21/01/29", "43", "5.4", "21.2", "69.7", "23.3", "994.9", "15.6", ""
"21/08/04", "224", "4.0", "28.1", "82.7", "32.7", "985.1", "8.8", ""
"21/08/11", "167", "3.3", "27.0", "88.6", "30.6", "988.2", "20.4", ""
"21/08/17", "228", "1.0", "28.5", "85.5", "34.5", "989.6", "0.0", ""
"21/08/22", "197", "2.2", "29.2", "80.0", "35.3", "986.6", "0.0", ""
"21/08/23", "184", "2.4", "26.7", "86.6", "29.7", "986.2", "7.0", ""
"21/09/14", "122", "1.4", "27.3", "90.7", "31.7", "987.6", "0.0", ""
"21/09/24", "230", "4.6", "24.2", "99.1", "23.3", "985.0", "97.6", ""
"21/09/30", "275", "0.8", "28.6", "84.9", "34.7", "988.1", "0.0", ""
"21/10/13", "20", "0.9", "25.3", "86.8", "26.4", "982.9", "18.0", ""
"21/11/02", "53", "3.2", "26.4", "79.8", "28.5", "987.9", "0.0", ""
"21/11/03", "53", "2.9", "26.3", "81.2", "28.2", "991.0", "15.4", ""
"21/11/04", "55", "1.0", "26.5", "85.4", "29.0", "990.5", "0.0", ""
"21/11/09", "42", "5.3", "22.3", "75.1", "23.1", "993.4", "0.0", ""
"21/12/15", "19", "2.1", "23.7", "77.6", "24.1", "991.0", "0.0", ""
"21/12/16", "42", "3.0", "25.3", "73.5", "26.4", "991.4", "0.0", ""
"22/01/12", "55", "3.1", "23.0", "70.2", "24.1", "994.6", "0.0", ""
"22/02/09", "64", "2.9", "26.4", "70.7", "27.9", "990.9", "0.0", ""
"22/03/06", "155", "0.0", "29.1", "70.7", "33.0", "988.9", "0.0", ""
"22/03/08", "42", "3.6", "25.1", "64.2", "26.1", "990.8", "1.8", ""
"22/05/29", "153", "3.0", "28.4", "82.6", "33.5", "983.9", "0.0", ""
"22/06/04", "198", "2.6", "26.4", "89.8", "29.2", "987.4", "23.0", ""
"22/06/15", "54", "1.5", "25.4", "92.9", "26.6", "989.0", "25.4", ""
"22/09/23", "0", "2.1", "24.6", "96.6", "24.5", "987.9", "40.2", ""
"22/09/24", "0", "2.1", "25.2", "94.5", "26.0", "986.8", "22.2", ""
"22/09/27", "", "", "25.4", "93.7", "26.4", "987.5", "0.0", ""
"22/09/28", "0", "6.0", "23.5", "99.8", "21.4", "977.2", "125.8", ""
"22/09/29", "0", "4.1", "24.5", "97.1", "24.2", "982.7", "8.3", ""
"22/09/30", "0", "3.3", "25.8", "93.3", "27.6", "986.6", "13.8", ""
"22/10/01", "0", "2.1", "26.7", "89.8", "29.8", "987.9", "1.2", ""
"22/10/02", "0", "2.1", "25.5", "92.3", "26.9", "988.5", "47.7", ""
"22/10/03", "0", "2.1", "26.3", "88.7", "28.7", "989.7", "9.8", ""
"22/10/04", "0", "2.9", "26.7", "83.9", "29.4", "990.3", "0.4", ""
"22/10/05", "0", "2.5", "27.8", "80.0", "31.7", "990.5", "0.0", ""
"22/10/06", "0", "1.4", "26.0", "92.2", "28.2", "990.8", "4.5", ""
"22/10/07", "0", "2.6", "27.5", "78.9", "30.8", "990.2", "0.0", ""
"22/10/08", "0", "2.3", "27.0", "82.5", "29.9", "990.8", "0.0", ""
"22/10/09", "0", "3.7", "27.0", "81.2", "29.8", "991.8", "0.0", ""
"22/10/10", "0", "3.8", "24.3", "80.1", "24.7", "993.4", "0.0", ""
"22/10/11", "0", "3.1", "24.3", "74.5", "25.0", "992.9", "0.0", ""
"22/10/12", "0", "3.1", "25.0", "70.6", "26.0", "991.4", "0.0", ""
"22/10/13", "0", "3.2", "24.3", "72.7", "25.1", "990.0", "0.0", ""
"22/10/14", "0", "3.2", "21.5", "80.7", "21.7", "988.4", "29.6", ""
"22/10/15", "0", "2.8", "20.8", "90.6", "18.9", "988.5", "5.4", ""
"22/10/16", "0", "2.5", "23.7", "78.2", "24.1", "991.3", "0.0", ""
"22/10/17", "0", "2.8", "24.0", "72.6", "24.8", "990.7", "0.0", ""
"22/10/18", "0", "3.6", "23.9", "73.6", "24.7", "990.3", "0.0", ""
"22/10/19", "0", "4.1", "23.1", "73.9", "23.8", "990.7", "0.0", ""
"22/10/20", "0", "2.5", "23.8", "77.4", "24.3", "991.8", "0.0", ""
"22/10/21", "0", "2.6", "25.9", "77.0", "27.3", "992.4", "0.0", ""
"22/10/22", "0", "3.9", "25.2", "76.4", "26.3", "992.7", "0.0", ""
"22/10/23", "0", "3.0", "25.7", "70.6", "26.8", "991.7", "0.0", ""
"22/10/24", "0", "3.8", "27.2", "67.5", "29.0", "990.8", "0.0", ""
"22/10/25", "0", "3.0", "25.7", "80.6", "27.2", "990.7", "0.0", ""
"22/10/26", "0", "3.9", "26.8", "76.9", "29.0", "990.5", "0.0", ""
"22/10/27", "0", "3.9", "26.4", "75.4", "28.2", "990.4", "0.0", ""
"22/10/28", "0", "3.7", "24.9", "75.0", "25.8", "990.4", "0.0", ""
"22/10/29", "0", "3.4", "24.7", "75.0", "25.5", "990.4", "0.0", ""
"22/10/30", "0", "3.0", "24.5", "76.8", "25.3", "990.1", "0.0", ""
"22/10/31", "0", "2.8", "23.8", "75.0", "24.4", "990.8", "0.0", ""
"22/11/01", "0", "3.0", "23.0", "69.7", "24.1", "991.1", "0.0", ""
"22/11/02", "0", "2.7", "22.5", "68.8", "23.9", "990.1", "0.0", ""
"22/11/03", "0", "2.4", "23.7", "56.7", "25.2", "991.7", "0.0", ""
"22/11/04", "0", "3.8", "23.7", "73.7", "24.4", "993.8", "0.0", ""
"22/11/05", "0", "3.0", "24.4", "73.9", "25.2", "994.3", "0.0", ""
"22/11/06", "0", "2.9", "24.5", "71.4", "25.4", "993.3", "0.0", ""
"22/11/07", "0", "3.2", "24.9", "69.4", "25.8", "992.9", "0.0", ""
"22/11/08", "0", "3.5", "25.6", "66.3", "26.6", "992.9", "0.0", ""
"22/11/09", "0", "3.8", "25.8", "72.1", "27.1", "993.2", "0.0", ""
"22/11/10", "0", "4.3", "27.1", "72.8", "29.3", "993.0", "0.0", ""
"22/11/29", "0", "0.7", "27.1", "87.7", "30.8", "989.2", "0.0", ""
"22/11/30", "0", "2.9", "28.2", "75.2", "31.9", "990.0", "0.0", ""
"22/12/01", "0", "4.7", "26.9", "73.3", "29.0", "990.7", "0.0", ""
"22/12/02", "0", "5.6", "25.5", "67.0", "26.5", "991.6", "0.0", ""
"22/12/08", "0", "6.8", "30.6", "62.7", "34.7", "989.2", "0.0", ""
"22/12/09", "0", "3.2", "23.0", "81.2", "22.9", "990.3", "0.0", ""
"22/12/10", "0", "3.5", "24.5", "72.8", "25.3", "990.7", "0.0", ""
"22/12/11", "0", "3.5", "23.5", "73.3", "24.2", "991.6", "0.0", ""
"22/12/12", "0", "5.3", "21.0", "69.7", "23.3", "994.0", "0.0", ""
"22/12/13", "0", "4.5", "20.1", "64.8", "24.0", "994.3", "0.0", ""
"22/12/14", "0", "6.8", "22.6", "56.6", "24.8", "995.1", "0.0", ""
"22/12/15", "0", "2.3", "21.5", "71.7", "23.1", "990.9", "0.0", ""
"22/12/16", "0", "4.1", "24.0", "68.3", "25.0", "990.9", "0.0", ""
"22/12/17", "0", "8.2", "19.8", "64.2", "24.1", "996.3", "0.0", ""
"22/12/18", "0", "6.4", "17.1", "62.0", "25.8", "996.2", "0.0", ""
"22/12/19", "0", "4.1", "18.0", "68.8", "24.0", "993.1", "0.0", ""
"22/12/20", "0", "2.7", "21.6", "71.9", "23.1", "991.2", "0.0", ""
"22/12/21", "0", "5.1", "21.0", "70.4", "23.2", "991.6", "0.0", ""
"22/12/22", "0", "4.0", "21.1", "66.0", "23.8", "991.4", "0.0", ""
"22/12/23", "0", "5.0", "21.8", "67.0", "23.8", "992.6", "0.0", ""
"22/12/24", "0", "4.5", "20.6", "71.2", "23.0", "994.4", "0.0", ""
"22/12/25", "0", "3.3", "20.2", "71.7", "22.9", "995.6", "0.0", ""
"22/12/26", "0", "3.5", "21.5", "67.0", "23.7", "995.7", "0.0", ""
"22/12/27", "0", "3.0", "21.8", "70.2", "23.5", "995.1", "0.0", ""
"22/12/28", "0", "3.4", "23.1", "66.9", "24.4", "995.1", "0.0", ""
"22/12/29", "0", "6.1", "20.8", "69.3", "23.3", "997.3", "0.0", ""
"22/12/30", "0", "5.6", "19.8", "70.4", "23.1", "997.8", "0.0", ""
"22/12/31", "0", "4.9", "19.5", "71.5", "23.0", "997.4", "0.0", ""
"23/01/01", "0", "4.7", "20.6", "67.5", "23.5", "996.5", "0.0", ""
"23/01/02", "0", "4.9", "21.5", "68.6", "23.5", "996.9", "0.0", ""
"23/01/03", "0", "5.1", "21.4", "69.5", "23.4", "996.3", "0.0", ""
"23/01/04", "0", "4.9", "21.8", "70.5", "23.4", "995.6", "0.0", ""
"23/01/05", "0", "5.9", "22.9", "68.8", "24.2", "995.5", "0.0", ""
"23/01/06", "0", "6.1", "21.0", "64.7", "23.9", "996.5", "0.0", ""
"23/01/07", "0", "4.4", "21.1", "63.2", "24.1", "994.1", "0.0", ""
"23/01/08", "0", "3.4", "22.8", "66.8", "24.2", "993.4", "0.0", ""
"23/01/09", "0", "4.1", "24.1", "71.2", "24.9", "993.7", "0.0", ""
"23/01/10", "0", "2.9", "22.9", "81.0", "23.0", "992.5", "1.7", ""
"23/01/11", "0", "1.5", "22.1", "88.5", "20.8", "991.4", "1.0", ""
"23/01/12", "0", "0.9", "21.6", "95.1", "18.7", "990.9", "0.6", ""
"23/01/13", "0", "0.8", "22.3", "91.4", "20.5", "990.4", "0.0", ""
"23/01/14", "0", "1.3", "24.0", "79.7", "24.4", "988.3", "0.0", ""
"23/01/15", "0", "2.4", "25.5", "65.5", "26.5", "988.8", "0.0", ""
"23/01/16", "0", "5.3", "21.8", "70.7", "23.4", "993.0", "0.0", ""
"23/01/17", "0", "5.2", "21.1", "69.0", "23.4", "995.0", "0.0", ""
"23/01/18", "0", "5.4", "19.7", "70.0", "23.2", "996.3", "0.0", ""
"23/01/19", "0", "4.9", "21.0", "69.6", "23.3", "995.0", "0.0", ""
"23/01/20", "0", "4.2", "20.4", "70.3", "23.1", "994.8", "0.0", ""
"23/01/21", "0", "2.4", "21.3", "70.4", "23.3", "992.5", "0.0", ""
"23/01/22", "0", "1.8", "22.9", "71.9", "23.9", "990.6", "0.0", ""
"23/01/23", "0", "3.4", "25.0", "64.4", "26.0", "990.7", "0.0", ""
"23/01/24", "0", "8.1", "19.2", "64.2", "24.3", "995.8", "0.0", ""
"23/01/25", "0", "4.1", "18.9", "66.5", "24.0", "993.8", "0.0", ""
"23/01/26", "0", "2.5", "21.7", "66.4", "23.9", "991.7", "0.0", ""
"23/01/27", "0", "7.3", "20.3", "66.9", "23.6", "994.2", "0.0", ""
"23/01/28", "0", "7.0", "17.7", "61.2", "25.5", "995.3", "0.0", ""
"23/01/29", "0", "7.5", "17.2", "59.5", "26.1", "997.0", "0.0", ""
"23/01/30", "0", "4.3", "18.7", "58.7", "25.2", "994.5", "0.0", ""
"23/01/31", "0", "1.5", "21.0", "66.0", "23.8", "990.9", "0.0", ""
"23/02/01", "0", "1.6", "24.0", "64.8", "25.2", "989.8", "0.0", ""
"23/02/02", "0", "2.5", "27.7", "64.5", "29.4", "990.2", "0.0", ""
"23/02/03", "0", "2.4", "26.7", "73.6", "28.6", "990.4", "0.0", ""
"23/02/04", "0", "2.3", "27.4", "68.9", "29.4", "989.2", "0.0", ""
"23/02/05", "0", "1.8", "27.1", "71.7", "29.2", "989.0", "0.0", ""
"23/02/06", "0", "1.3", "27.4", "72.7", "29.8", "988.3", "0.0", ""
"23/02/07", "0", "1.8", "27.1", "74.7", "29.5", "989.1", "0.0", ""
"23/02/08", "0", "1.7", "27.4", "73.4", "30.0", "988.9", "0.0", ""
"23/02/09", "0", "1.8", "27.6", "71.5", "30.2", "989.1", "0.0", ""
"23/02/10", "0", "2.3", "28.1", "68.5", "30.7", "989.1", "0.0", ""
"23/02/11", "0", "2.7", "28.8", "69.1", "32.1", "988.8", "0.0", ""
"23/02/12", "0", "2.5", "28.9", "66.6", "32.0", "989.1", "0.0", ""
"23/02/13", "0", "1.9", "29.3", "65.1", "32.5", "989.1", "0.0", ""
"23/02/14", "0", "4.7", "26.3", "70.5", "27.7", "990.6", "0.0", ""
"23/02/15", "0", "7.7", "23.4", "64.7", "24.7", "994.3", "0.0", ""
"23/02/16", "0", "7.0", "22.7", "66.0", "24.3", "995.2", "0.0", ""
"23/02/17", "0", "3.7", "22.5", "67.7", "24.0", "993.7", "0.0", ""
"23/02/18", "0", "2.7", "25.0", "61.3", "26.0", "991.9", "0.0", ""
"23/02/19", "0", "6.6", "24.1", "65.0", "25.2", "992.8", "0.0", ""
"23/02/20", "0", "6.1", "23.8", "65.2", "25.0", "993.3", "0.0", ""
"23/02/21", "0", "5.3", "24.4", "63.8", "25.5", "993.9", "0.0", ""
"23/02/22", "0", "4.5", "24.7", "60.5", "25.8", "993.2", "0.0", ""
"23/02/23", "0", "3.3", "24.9", "62.5", "25.9", "991.9", "0.0", ""
"23/02/24", "0", "7.3", "25.0", "57.7", "26.0", "993.9", "0.0", ""
"23/02/25", "0", "8.5", "21.5", "62.4", "24.2", "998.9", "0.0", ""
"23/02/26", "0", "8.2", "20.1", "61.9", "24.3", "999.9", "0.0", ""
"23/02/27", "0", "5.7", "22.1", "62.8", "24.3", "997.7", "0.0", ""
"23/02/28", "0", "4.1", "24.4", "64.1", "25.4", "995.7", "0.0", ""
"23/03/01", "0", "5.6", "25.1", "60.5", "26.1", "995.5", "0.0", ""
"23/03/02", "0", "6.7", "24.3", "58.6", "25.5", "996.3", "0.0", ""
"23/03/03", "0", "5.6", "24.7", "56.4", "25.8", "997.1", "0.0", ""
"23/03/04", "0", "6.3", "23.8", "63.6", "25.0", "997.6", "0.0", ""
"23/03/05", "0", "5.7", "23.6", "63.2", "24.9", "996.5", "0.0", ""
"23/03/06", "0", "4.1", "24.4", "59.1", "25.6", "994.6", "0.0", ""
"23/03/07", "0", "3.0", "24.7", "61.8", "25.8", "994.0", "0.0", ""
"23/03/08", "0", "3.8", "26.1", "59.7", "27.0", "993.2", "0.0", ""
"23/03/09", "0", "5.6", "25.2", "60.9", "26.2", "993.3", "0.0", ""
"23/03/10", "0", "2.3", "25.1", "65.1", "26.1", "991.4", "0.0", ""
"23/03/11", "0", "3.8", "26.2", "61.4", "27.2", "991.6", "0.0", ""
"23/03/12", "0", "5.7", "25.8", "63.2", "26.8", "993.4", "0.0", ""
"23/03/13", "0", "5.9", "23.0", "67.3", "24.3", "993.6", "0.0", ""
"23/03/14", "0", "2.5", "24.7", "63.7", "25.7", "990.6", "0.0", ""
"23/03/15", "0", "2.8", "27.1", "60.5", "28.3", "990.7", "0.0", ""
"23/03/16", "0", "3.2", "27.4", "63.6", "28.9", "991.7", "0.0", ""
"23/03/17", "0", "2.7", "27.4", "63.5", "28.9", "990.3", "0.0", ""
"23/03/18", "0", "2.1", "28.0", "62.3", "29.7", "989.0", "0.0", ""
"23/03/19", "0", "1.8", "28.3", "71.0", "31.3", "988.2", "0.0", ""
"23/03/20", "0", "3.0", "30.1", "61.7", "33.5", "987.2", "0.0", ""
"23/03/21", "0", "3.3", "30.8", "59.4", "34.3", "986.5", "0.0", ""
"23/03/22", "0", "3.4", "31.6", "56.9", "35.4", "985.2", "0.0", ""
"23/03/23", "0", "3.3", "31.4", "57.5", "35.0", "985.9", "0.0", ""
"23/03/24", "", "", "30.8", "60.8", "34.7", "986.6", "0.0", ""
"23/03/25", "", "", "31.6", "57.9", "35.6", "986.7", "0.0", ""
"23/03/26", "", "", "31.7", "58.0", "35.7", "986.3", "0.0", ""
"23/03/27", "0", "3.3", "30.5", "61.3", "34.1", "987.8", "0.0", ""
"23/03/28", "", "", "29.3", "64.6", "32.3", "989.7", "0.0", ""
"23/03/29", "", "", "26.9", "74.7", "29.1", "989.9", "0.0", ""
"23/03/30", "", "", "29.3", "65.2", "32.5", "987.4", "0.0", ""
"23/03/31", "", "", "30.4", "61.6", "34.0", "987.6", "0.0", ""
"23/04/01", "", "", "30.7", "62.4", "34.8", "987.0", "0.0", ""
"23/04/02", "", "", "30.9", "61.1", "34.8", "986.3", "0.0", ""
"23/04/03", "", "", "31.3", "56.9", "34.6", "986.0", "0.0", ""
"23/04/04", "", "", "31.3", "59.5", "35.3", "985.4", "0.0", ""
"23/04/05", "", "", "31.8", "58.6", "36.1", "986.3", "0.0", ""
"23/04/06", "", "", "32.2", "59.6", "37.4", "987.0", "0.0", ""
"23/04/07", "", "", "30.8", "64.1", "35.5", "989.8", "0.2", ""
"23/04/08", "", "", "27.2", "74.3", "29.5", "992.4", "0.0", ""
"23/04/09", "", "", "29.1", "66.4", "32.2", "990.6", "0.0", ""
"23/04/10", "", "", "31.0", "63.8", "35.9", "988.3", "0.0", ""
"23/04/11", "", "", "32.1", "62.9", "38.2", "987.2", "0.0", ""
"23/04/12", "0", "3.2", "32.4", "62.3", "38.9", "986.3", "0.0", ""
"23/04/13", "0", "3.2", "30.5", "69.2", "36.2", "987.1", "0.0", ""
"23/04/14", "0", "2.6", "32.5", "59.8", "38.2", "985.9", "0.0", ""
"23/04/15", "0", "3.6", "32.2", "59.5", "37.5", "986.2", "0.0", ""
"23/04/16", "0", "2.3", "30.0", "67.3", "34.4", "987.2", "0.0", ""
"23/04/17", "0", "3.4", "30.7", "67.0", "36.0", "987.8", "0.0", ""
"23/04/18", "0", "3.9", "32.5", "62.4", "39.0", "986.6", "0.0", ""
"23/04/19", "0", "4.5", "32.8", "60.7", "39.2", "983.4", "0.0", ""
"23/04/20", "0", "3.6", "32.9", "57.4", "38.4", "982.8", "0.0", ""
"23/04/21", "0", "3.7", "33.2", "53.5", "37.8", "983.6", "0.0", ""
"23/04/22", "0", "3.5", "30.8", "60.3", "34.4", "985.3", "0.0", ""
"23/04/23", "0", "4.5", "30.0", "65.6", "34.1", "988.4", "0.4", ""
"23/04/24", "0", "1.8", "28.2", "69.7", "30.9", "989.2", "0.0", ""
"23/04/25", "0", "4.4", "31.8", "54.7", "35.2", "987.6", "0.0", ""
"23/04/26", "0", "3.5", "29.0", "64.9", "31.8", "988.9", "0.0", ""
"23/04/27", "0", "1.7", "30.5", "62.9", "34.5", "988.3", "0.0", ""
"23/04/28", "0", "1.7", "29.3", "72.2", "33.9", "987.6", "1.0", ""
"23/04/29", "0", "3.0", "28.6", "76.2", "33.0", "987.8", "33.2", ""
"23/04/30", "0", "2.3", "26.4", "81.2", "28.5", "989.2", "0.4", ""
"23/05/01", "0", "2.4", "29.3", "68.2", "33.0", "988.5", "0.0", ""
"23/05/02", "0", "2.1", "30.6", "65.1", "35.3", "988.6", "0.0", ""
"23/05/03", "0", "2.4", "33.0", "57.2", "38.6", "988.3", "0.0", ""
"23/05/04", "0", "3.2", "32.7", "61.1", "39.2", "984.8", "0.0", ""
"23/05/05", "0", "3.2", "32.9", "58.8", "38.9", "982.6", "0.0", ""
"23/05/06", "0", "3.5", "33.9", "56.0", "40.4", "981.8", "0.0", ""
"23/05/07", "0", "3.8", "33.9", "56.7", "40.6", "982.4", "0.0", ""
"23/05/08", "0", "1.5", "26.6", "85.4", "29.3", "986.9", "0.0", ""
"23/05/09", "0", "2.5", "29.8", "72.6", "35.2", "987.3", "0.0", ""
"23/05/10", "0", "2.8", "27.6", "83.4", "31.6", "988.6", "0.0", ""
"23/05/11", "0", "2.0", "27.8", "83.2", "32.0", "989.2", "0.0", ""
"23/05/12", "0", "2.3", "26.2", "92.2", "28.6", "990.0", "0.0", ""
"23/05/13", "0", "2.6", "25.6", "93.0", "27.1", "989.7", "5.6", ""
"23/05/14", "0", "2.6", "26.7", "88.4", "29.9", "989.2", "1.4", ""
"23/05/15", "0", "2.9", "29.3", "76.3", "34.7", "989.0", "0.0", ""
"23/05/16", "0", "2.8", "30.0", "71.3", "35.4", "988.5", "0.0", ""
"23/05/17", "0", "2.7", "30.5", "69.3", "36.0", "988.0", "0.0", ""
"23/05/18", "0", "2.7", "31.2", "64.9", "36.6", "986.6", "0.0", ""
"23/05/19", "0", "2.9", "31.9", "62.9", "37.7", "985.2", "0.0", ""
"23/05/20", "0", "3.3", "32.6", "60.7", "38.6", "985.8", "0.0", ""
"23/05/21", "0", "3.7", "31.9", "64.1", "38.1", "987.1", "0.0", ""
"23/05/22", "0", "3.4", "31.5", "62.7", "36.6", "987.7", "0.0", ""
"23/05/23", "0", "3.1", "29.6", "74.0", "35.0", "987.3", "0.0", ""
"23/05/24", "0", "3.1", "27.9", "81.9", "32.3", "987.8", "20.8", ""
"23/05/25", "0", "3.9", "29.9", "72.7", "35.4", "988.2", "0.0", ""
"23/05/26", "0", "2.0", "27.3", "85.8", "31.1", "987.4", "0.4", ""
"23/05/27", "0", "2.3", "28.7", "78.9", "33.7", "985.8", "28.0", ""
"23/05/28", "0", "2.0", "27.6", "87.3", "32.2", "985.7", "20.2", ""
"23/05/29", "0", "1.4", "28.3", "84.1", "33.5", "986.5", "5.6", ""
"23/05/30", "0", "2.3", "29.0", "84.5", "35.6", "985.7", "0.0", ""
"23/05/31", "0", "2.7", "30.0", "77.2", "36.9", "984.6", "0.0", ""
"23/06/01", "0", "3.7", "30.1", "75.3", "36.7", "984.2", "0.0", ""
"23/06/02", "0", "3.8", "28.9", "80.2", "34.6", "985.5", "0.0", ""
"23/06/03", "0", "3.0", "30.9", "70.9", "37.6", "986.3", "0.0", ""
"23/06/04", "0", "2.6", "28.3", "81.7", "33.2", "985.8", "61.2", ""
"23/06/05", "0", "1.5", "25.2", "93.5", "26.0", "985.7", "4.2", ""
"23/06/06", "0", "2.1", "26.5", "91.8", "29.6", "985.5", "3.2", ""
"23/06/07", "0", "2.2", "25.6", "94.2", "27.0", "987.0", "9.8", ""
"23/06/08", "0", "3.2", "27.6", "86.5", "32.0", "986.1", "0.0", ""
"23/06/09", "0", "3.2", "28.2", "84.3", "33.4", "985.0", "4.0", ""
"23/06/10", "0", "2.2", "25.5", "96.7", "27.0", "984.8", "0.4", ""
"23/06/11", "0", "3.4", "26.7", "90.2", "30.0", "984.6", "1.4", ""
"23/06/12", "0", "3.6", "28.4", "80.1", "33.1", "984.8", "0.0", ""
"23/06/13", "0", "3.6", "28.4", "81.1", "33.4", "985.8", "0.0", ""
"23/06/14", "0", "3.2", "28.0", "83.7", "32.6", "987.3", "0.0", ""
"23/06/15", "0", "3.0", "28.3", "83.2", "33.3", "986.4", "70.8", ""
"23/06/16", "181", "3.0", "28.0", "85.1", "32.9", "986.3", "90.6", ""
"23/06/17", "167", "3.1", "26.3", "92.7", "29.1", "987.2", "58.4", ""
"23/06/18", "162", "2.3", "24.8", "97.8", "24.8", "987.5", "14.0", ""
"23/06/19", "182", "1.9", "27.1", "89.7", "31.1", "986.8", "9.6", ""
"23/06/20", "209", "2.6", "28.7", "80.6", "34.0", "987.0", "0.0", ""
"23/06/21", "191", "2.6", "27.9", "86.7", "33.0", "987.5", "10.6", ""
"23/06/22", "193", "2.5", "29.7", "78.6", "36.4", "986.7", "10.6", ""
"23/06/23", "214", "2.5", "30.4", "75.0", "37.3", "985.1", "0.0", ""
"23/06/24", "207", "2.1", "27.5", "86.3", "31.8", "985.5", "2.4", ""
"23/06/25", "146", "1.9", "27.8", "87.2", "32.7", "985.7", "34.6", ""
"23/06/26", "201", "1.5", "26.6", "90.2", "29.7", "986.3", "69.2", ""
"23/06/27", "145", "1.3", "27.8", "86.8", "32.7", "987.3", "69.2", ""
"23/06/28", "172", "2.0", "29.1", "81.2", "35.3", "987.4", "0.0", ""
"23/06/29", "171", "3.0", "29.5", "81.1", "36.6", "986.1", "0.0", ""
"23/06/30", "169", "3.8", "28.7", "82.8", "34.4", "985.9", "0.6", ""
"23/07/01", "166", "3.7", "28.1", "82.6", "32.7", "986.9", "0.6", ""
"23/07/02", "166", "3.3", "28.3", "84.2", "33.5", "987.8", "5.8", ""
"23/07/03", "161", "3.3", "26.1", "93.8", "28.5", "988.2", "6.4", ""
"23/07/04", "228", "2.4", "26.1", "91.4", "28.3", "988.7", "17.2", ""
"23/07/05", "208", "1.9", "27.6", "85.4", "31.9", "987.9", "17.2", ""
"23/07/06", "202", "2.4", "29.2", "79.3", "35.0", "988.1", "0.0", ""
"23/07/07", "182", "1.8", "29.9", "80.0", "37.3", "987.9", "0.0", ""
"23/07/08", "175", "2.7", "29.2", "82.3", "35.7", "988.1", "0.0", ""
"23/07/09", "153", "2.8", "27.9", "83.9", "32.4", "988.4", "11.0", ""
"23/07/10", "196", "1.8", "28.1", "83.4", "33.0", "988.3", "11.0", ""
"23/07/11", "236", "2.2", "28.9", "80.1", "34.6", "987.8", "0.0", ""
"23/07/12", "247", "2.1", "29.4", "79.2", "35.7", "987.7", "0.0", ""
"23/07/13", "229", "2.7", "29.1", "78.4", "34.6", "986.5", "0.0", ""
"23/07/14", "240", "3.1", "29.8", "75.9", "36.1", "985.2", "0.0", ""
"23/07/15", "231", "3.0", "28.2", "81.0", "32.8", "983.7", "91.0", ""
"23/07/16", "212", "2.4", "26.2", "93.8", "28.9", "982.3", "0.0", ""
"23/07/17", "208", "2.3", "26.8", "92.5", "30.4", "981.3", "20.4", ""
"23/07/18", "181", "3.2", "27.7", "85.9", "32.2", "982.3", "0.0", ""
"23/07/19", "190", "2.4", "27.9", "85.6", "32.7", "983.4", "0.0", ""
"23/07/20", "265", "1.2", "27.6", "90.5", "32.4", "985.0", "3.8", ""
"23/07/21", "82", "1.9", "28.4", "88.0", "34.6", "986.6", "3.8", ""
"23/07/22", "83", "1.7", "28.1", "86.4", "33.4", "988.2", "5.8", ""
"23/07/23", "157", "2.4", "27.3", "85.5", "31.1", "987.0", "73.4", ""
"23/07/24", "304", "1.7", "26.6", "88.1", "29.5", "986.2", "0.0", ""
"23/07/25", "287", "1.4", "25.8", "93.8", "27.7", "986.4", "0.0", ""
"23/07/26", "196", "2.2", "27.7", "89.6", "32.8", "985.2", "10.8", ""
"23/07/27", "214", "3.0", "29.6", "81.8", "36.8", "982.8", "8.2", ""
"23/07/28", "198", "3.1", "28.8", "82.2", "34.8", "981.7", "2.6", ""
"23/07/29", "217", "2.9", "27.4", "88.0", "31.5", "983.2", "92.4", ""
"23/07/30", "185", "3.7", "27.0", "90.6", "30.7", "984.8", "0.0", ""
"23/07/31", "185", "2.9", "27.1", "90.0", "31.0", "986.2", "9.2", ""
"23/08/01", "172", "1.9", "25.5", "99.0", "26.7", "986.4", "40.6", ""
"23/08/02", "186", "2.9", "25.6", "98.0", "27.2", "986.3", "0.0", ""
"23/08/03", "189", "3.1", "26.1", "95.6", "28.6", "986.2", "4.8", ""
"23/08/04", "188", "3.3", "26.4", "92.6", "29.3", "988.5", "9.0", ""
"23/08/05", "222", "3.4", "27.8", "85.7", "32.4", "988.2", "9.0", ""
"23/08/06", "212", "3.4", "27.0", "88.3", "30.5", "986.1", "0.0", ""
"23/08/07", "209", "2.6", "26.8", "90.2", "30.1", "985.9", "0.0", ""
"23/08/08", "206", "3.6", "27.3", "85.0", "31.0", "987.2", "0.0", ""
"23/08/09", "205", "2.8", "28.2", "84.1", "33.3", "987.9", "0.0", ""
"23/08/10", "197", "3.2", "29.2", "79.9", "35.2", "986.9", "0.0", ""
"23/08/11", "200", "3.6", "28.9", "81.5", "34.7", "985.6", "0.0", ""
"23/08/12", "187", "3.5", "28.1", "84.8", "33.1", "985.4", "2.2", ""
"23/08/13", "183", "3.7", "28.7", "83.3", "34.5", "985.2", "2.2", ""
"23/08/14", "186", "3.5", "28.9", "82.9", "35.2", "985.6", "0.0", ""
"23/08/15", "175", "2.9", "28.1", "85.5", "33.4", "986.9", "0.0", ""
"23/08/16", "177", "2.5", "28.6", "82.5", "34.2", "987.2", "1.2", ""
"23/08/17", "183", "1.9", "28.4", "85.9", "34.3", "986.5", "1.2", ""
"23/08/18", "188", "2.3", "29.3", "82.1", "36.2", "985.4", "0.2", ""
"23/08/19", "207", "2.0", "29.0", "84.3", "35.6", "984.7", "3.8", ""
"23/08/20", "159", "2.1", "28.6", "85.1", "34.8", "985.6", "3.8", ""
"23/08/21", "176", "2.6", "27.9", "85.4", "32.7", "987.0", "1.0", ""
"23/08/22", "213", "2.1", "25.9", "93.4", "27.9", "987.0", "33.4", ""
"23/08/23", "189", "2.3", "25.5", "94.2", "26.7", "986.1", "1.6", ""
"23/08/24", "169", "2.5", "26.0", "94.8", "28.2", "986.6", "0.0", ""
"23/08/25", "212", "1.7", "27.6", "90.5", "32.6", "986.7", "3.8", ""
"23/08/26", "205", "2.9", "28.1", "85.0", "33.2", "985.9", "0.0", ""
"23/08/27", "217", "2.7", "28.2", "85.6", "33.5", "984.6", "0.0", ""
"23/08/28", "196", "3.0", "28.6", "83.7", "34.5", "983.6", "8.4", ""
"23/08/29", "264", "1.1", "25.1", "98.6", "25.6", "985.4", "9.0", ""
"23/08/30", "287", "1.7", "27.0", "90.4", "30.9", "986.2", "9.0", ""
"23/08/31", "207", "1.3", "26.8", "89.4", "30.2", "986.1", "6.4", ""
"23/09/01", "204", "1.2", "26.6", "92.0", "29.9", "985.0", "6.4", ""
"23/09/02", "186", "1.2", "26.8", "92.5", "30.4", "983.8", "3.8", ""
"23/09/03", "167", "1.8", "28.5", "85.1", "34.3", "982.7", "9.4", ""
"23/09/04", "97", "1.9", "27.0", "91.1", "30.9", "983.7", "50.4", ""
"23/09/05", "142", "1.8", "26.2", "93.7", "28.9", "985.9", "6.8", ""
"23/09/06", "204", "2.0", "25.6", "96.4", "27.0", "987.7", "0.0", ""
"23/09/07", "227", "1.5", "26.0", "96.1", "28.3", "987.3", "21.8", ""
"23/09/08", "187", "1.7", "26.8", "94.5", "30.6", "986.6", "4.4", ""
"23/09/09", "165", "3.1", "27.4", "89.5", "31.8", "985.3", "1.4", ""
"23/09/10", "182", "3.1", "26.1", "94.6", "28.5", "986.0", "11.4", ""
"23/09/11", "192", "3.1", "27.1", "88.1", "30.9", "986.8", "0.0", ""
"23/09/12", "204", "3.7", "26.5", "90.3", "29.4", "987.4", "16.6", ""
"23/09/13", "204", "3.5", "26.0", "93.3", "28.1", "987.2", "1.8", ""
"23/09/14", "196", "2.5", "26.2", "92.7", "28.7", "986.0", "168.2", ""
"23/09/15", "165", "2.5", "25.4", "96.2", "26.6", "986.7", "10.2", ""
"23/09/16", "117", "2.2", "25.7", "95.9", "27.4", "987.5", "4.2", ""
"23/09/17", "99", "1.8", "25.6", "94.5", "27.1", "988.2", "70.4", ""
"23/09/18", "167", "1.4", "26.8", "93.7", "30.7", "989.7", "1.6", ""
"23/09/19", "333", "1.0", "27.1", "91.4", "31.1", "990.0", "0.0", ""
"23/09/20", "329", "1.3", "29.1", "84.9", "36.2", "988.5", "0.0", ""
"23/09/21", "251", "2.2", "27.6", "88.8", "32.3", "988.6", "59.2", ""
"23/09/22", "308", "1.2", "27.1", "89.3", "30.9", "988.6", "0.0", ""
"23/09/23", "339", "1.5", "28.6", "87.1", "35.2", "987.8", "0.0", ""
"23/09/24", "22", "1.9", "27.9", "84.9", "32.5", "986.4", "0.0", ""
"23/09/25", "314", "2.3", "26.2", "93.0", "28.6", "984.6", "14.2", ""
"23/09/26", "233", "3.0", "24.0", "99.3", "22.7", "984.5", "31.4", ""
"23/09/27", "136", "2.4", "25.6", "94.0", "27.0", "986.9", "34.8", ""
"23/09/28", "111", "2.4", "25.4", "97.4", "26.5", "989.5", "23.4", ""
"23/09/29", "241", "1.9", "26.2", "92.1", "28.7", "991.1", "6.8", ""
"23/09/30", "240", "1.3", "27.1", "91.7", "31.3", "989.7", "0.0", ""
"23/10/01", "348", "1.6", "27.6", "89.8", "32.5", "988.1", "13.8", ""
"23/10/02", "349", "1.4", "28.4", "86.5", "34.4", "988.6", "0.0", ""
"23/10/03", "57", "2.0", "27.6", "87.5", "32.0", "989.0", "0.0", ""
"23/10/04", "78", "1.7", "27.0", "92.3", "31.1", "988.6", "11.0", ""
"23/10/05", "127", "2.2", "28.3", "88.0", "34.3", "987.6", "0.0", ""
"23/10/06", "141", "2.8", "26.9", "89.9", "30.3", "988.6", "25.6", ""
"23/10/07", "135", "1.9", "26.1", "93.1", "28.5", "989.7", "8.4", ""
"23/10/08", "104", "1.9", "26.2", "92.3", "28.6", "990.9", "14.4", ""
"23/10/09", "46", "2.9", "26.1", "88.3", "28.2", "991.3", "4.8", ""
"23/10/10", "46", "3.7", "27.1", "79.6", "29.9", "991.4", "0.0", ""
"23/10/11", "40", "3.4", "26.9", "79.0", "29.4", "992.2", "0.0", ""
"23/10/12", "27", "2.7", "27.0", "80.1", "29.8", "992.4", "0.0", ""
"23/10/13", "23", "2.6", "26.0", "84.0", "27.8", "991.5", "0.0", ""
"23/10/14", "21", "1.9", "26.8", "83.3", "29.6", "989.5", "0.0", ""
"23/10/15", "34", "3.2", "26.5", "77.4", "28.4", "989.6", "0.0", ""
"23/10/16", "36", "2.9", "26.2", "76.8", "28.0", "990.7", "0.0", ""
"23/10/17", "17", "1.8", "26.8", "79.8", "29.3", "990.6", "0.0", ""
"23/10/18", "58", "0.8", "25.4", "87.2", "26.7", "990.9", "0.0", ""
"23/10/19", "345", "0.8", "27.5", "82.1", "31.1", "990.7", "0.0", ""
"23/10/20", "50", "3.1", "28.2", "75.3", "31.9", "991.4", "0.0", ""
"23/10/21", "44", "3.5", "25.8", "76.8", "27.3", "993.7", "0.0", ""
"23/10/22", "37", "3.0", "26.2", "76.2", "27.9", "993.5", "0.0", ""
"23/10/23", "39", "2.8", "26.9", "78.9", "29.5", "992.3", "0.0", ""
"23/10/24", "22", "2.5", "26.3", "81.8", "28.4", "991.5", "0.0", ""
"23/10/25", "44", "1.9", "26.1", "90.7", "28.3", "991.4", "1.4", ""
"23/10/26", "35", "1.1", "25.8", "94.9", "27.7", "991.4", "29.2", ""
"23/10/27", "60", "1.5", "27.2", "88.5", "31.1", "990.8", "0.0", ""
"23/10/28", "16", "1.5", "27.7", "82.7", "31.8", "990.4", "0.0", ""
"23/10/29", "76", "1.8", "27.3", "87.6", "31.4", "990.8", "0.8", ""
"23/10/30", "40", "4.0", "27.0", "79.3", "29.8", "992.0", "0.4", ""
"23/10/31", "30", "3.3", "26.5", "76.6", "28.4", "993.1", "0.0", ""
"23/11/01", "35", "3.5", "25.9", "75.1", "27.2", "992.9", "0.0", ""
"23/11/02", "39", "2.2", "26.9", "77.3", "29.2", "991.0", "0.0", ""
"23/11/03", "25", "1.7", "27.8", "79.5", "31.6", "989.1", "0.0", ""
"23/11/04", "46", "2.0", "28.1", "80.3", "32.4", "989.6", "0.0", ""
"23/11/05", "42", "1.8", "28.0", "79.5", "32.1", "990.7", "0.0", ""
"23/11/06", "43", "2.6", "27.1", "83.7", "30.3", "991.0", "4.4", ""
"23/11/07", "46", "2.2", "27.2", "80.5", "30.3", "991.0", "0.0", ""
"23/11/08", "49", "2.7", "27.7", "78.8", "31.2", "990.3", "0.0", ""
"23/11/09", "23", "1.6", "27.7", "83.1", "31.7", "991.1", "0.0", ""
"23/11/10", "48", "1.4", "27.7", "82.6", "31.6", "992.2", "0.0", ""
"23/11/11", "47", "2.2", "27.9", "79.3", "31.8", "992.4", "0.0", ""
"23/11/12", "38", "3.3", "26.5", "81.9", "28.7", "993.4", "0.0", ""
"23/11/13", "38", "4.6", "27.3", "73.5", "29.7", "993.8", "0.0", ""
"23/11/14", "33", "4.2", "25.3", "74.4", "26.4", "994.9", "0.0", ""
"23/11/15", "30", "3.0", "25.2", "80.4", "26.3", "995.2", "0.2", ""
"23/11/16", "38", "5.2", "24.1", "70.4", "25.0", "997.4", "0.0", ""
"23/11/17", "40", "5.0", "21.5", "63.7", "24.1", "998.1", "0.0", ""
"23/11/18", "39", "4.8", "22.1", "63.6", "24.2", "996.6", "0.0", ""
"23/11/19", "35", "4.0", "22.0", "68.6", "23.7", "995.2", "0.0", ""
"23/11/20", "34", "3.4", "23.2", "71.8", "24.1", "994.0", "0.0", ""
"23/11/21", "41", "2.9", "24.8", "69.2", "25.8", "992.0", "0.0", ""
"23/11/22", "39", "2.2", "25.0", "73.7", "26.0", "990.8", "0.0", ""
"23/11/23", "32", "3.5", "25.7", "73.3", "26.9", "991.3", "0.0", ""
"23/11/24", "36", "4.6", "24.7", "66.9", "25.7", "993.0", "0.0", ""
"23/11/25", "38", "4.1", "25.6", "68.5", "26.7", "993.1", "0.0", ""
"23/11/26", "39", "4.8", "25.8", "70.7", "27.0", "993.5", "0.0", ""
"23/11/27", "39", "4.1", "23.9", "67.6", "25.0", "993.6", "0.0", ""
"23/11/28", "31", "3.9", "23.8", "67.7", "24.9", "992.8", "0.0", ""
"23/11/29", "32", "2.7", "24.5", "76.9", "25.2", "992.6", "0.0", ""
"23/11/30", "37", "4.2", "26.9", "73.2", "28.9", "992.7", "0.0", ""
"23/12/01", "36", "4.2", "26.8", "74.4", "28.9", "992.3", "0.0", ""
"23/12/02", "34", "4.0", "26.1", "74.4", "27.6", "993.0", "0.0", ""
"23/12/03", "35", "4.3", "25.9", "73.2", "27.3", "992.9", "0.0", ""
"23/12/04", "39", "3.1", "26.0", "74.5", "27.4", "991.9", "0.0", ""
"23/12/05", "49", "2.4", "26.3", "75.7", "27.9", "991.6", "0.0", ""
"23/12/06", "36", "3.7", "26.5", "69.2", "28.1", "992.7", "0.0", ""
"23/12/07", "41", "3.8", "23.7", "70.0", "24.7", "993.3", "0.0", ""
"23/12/08", "11", "1.3", "24.8", "75.7", "25.6", "991.8", "0.0", ""
"23/12/09", "326", "0.7", "25.9", "74.3", "27.3", "989.9", "0.0", ""
"23/12/10", "94", "0.3", "24.3", "86.1", "24.4", "989.5", "0.0", ""
"23/12/11", "45", "1.8", "27.1", "74.5", "29.4", "990.5", "0.0", ""
"23/12/12", "45", "3.7", "26.3", "71.5", "27.9", "991.6", "0.0", ""
"23/12/13", "49", "3.2", "26.2", "70.0", "27.6", "993.2", "0.0", ""
"23/12/14", "47", "1.8", "26.4", "74.0", "28.1", "992.8", "0.0", ""
"23/12/15", "40", "1.8", "26.8", "74.2", "28.8", "991.7", "0.0", ""
"23/12/16", "42", "3.6", "27.3", "68.9", "29.3", "992.7", "0.0", ""
"23/12/17", "44", "5.3", "23.4", "68.6", "24.5", "994.5", "0.0", ""
"23/12/18", "34", "3.4", "24.6", "73.0", "25.4", "994.1", "0.0", ""
"23/12/19", "41", "4.7", "24.7", "69.9", "25.7", "994.2", "0.0", ""
"23/12/20", "40", "5.3", "21.4", "70.5", "23.3", "995.2", "0.0", ""
"23/12/21", "38", "6.0", "19.3", "67.7", "23.7", "997.8", "0.0", ""
"23/12/22", "34", "5.8", "16.9", "66.8", "25.2", "1000.1", "0.0", ""
"23/12/23", "31", "5.5", "17.8", "65.0", "24.8", "999.8", "0.0", ""
"23/12/24", "35", "5.8", "18.3", "62.4", "24.9", "1000.3", "0.0", ""
"23/12/25", "35", "4.7", "19.5", "62.5", "24.4", "998.7", "0.0", ""
"23/12/26", "37", "3.7", "21.2", "70.9", "23.2", "998.2", "0.0", ""
"23/12/27", "40", "4.2", "23.3", "70.4", "24.3", "996.6", "0.0", ""
"23/12/28", "37", "3.6", "24.5", "70.3", "25.4", "995.0", "0.0", ""
"23/12/29", "38", "3.3", "25.1", "72.1", "26.1", "993.5", "0.0", ""
"23/12/30", "28", "2.7", "25.7", "73.2", "26.9", "992.6", "0.0", ""
"23/12/31", "36", "3.0", "25.9", "71.4", "27.2", "992.5", "0.0", ""
"24/01/01", "39", "2.9", "25.6", "69.3", "26.8", "992.5", "0.0", ""
"24/01/02", "22", "2.2", "25.1", "70.7", "26.1", "992.4", "0.0", ""
"24/01/03", "44", "4.0", "25.5", "68.6", "26.6", "992.7", "0.0", ""
"24/01/04", "34", "3.0", "23.9", "70.7", "24.8", "993.6", "0.0", ""
"24/01/05", "41", "2.8", "24.0", "67.4", "25.0", "993.6", "0.0", ""
"24/01/06", "38", "3.2", "24.4", "67.6", "25.4", "993.9", "0.0", ""
"24/01/07", "49", "3.0", "24.8", "68.6", "25.8", "993.5", "0.0", ""
"24/01/08", "44", "2.5", "25.1", "69.0", "26.2", "992.5", "0.0", ""
"24/01/09", "56", "2.9", "25.6", "68.9", "26.7", "991.4", "0.0", ""
"24/01/10", "49", "3.7", "26.1", "66.4", "27.2", "991.3", "0.0", ""
"24/01/11", "51", "3.1", "26.0", "70.3", "27.3", "991.8", "0.0", ""
"24/01/12", "48", "3.2", "25.5", "69.6", "26.6", "991.5", "0.0", ""
"24/01/13", "44", "3.8", "25.1", "65.7", "26.1", "992.8", "0.0", ""
"24/01/14", "43", "4.1", "24.7", "66.4", "25.7", "993.8", "0.0", ""
"24/01/15", "42", "4.7", "24.8", "64.8", "25.8", "993.4", "0.0", ""
"24/01/16", "44", "4.0", "25.2", "62.7", "26.2", "993.3", "0.0", ""
"24/01/17", "44", "3.1", "24.7", "65.8", "25.7", "992.5", "0.0", ""
"24/01/18", "41", "2.7", "24.6", "66.9", "25.6", "991.7", "0.0", ""
"24/01/19", "46", "2.3", "25.0", "62.7", "26.0", "991.1", "0.0", ""
"24/01/20", "45", "2.9", "25.5", "60.3", "26.4", "991.5", "0.0", ""
"24/01/21", "68", "3.2", "25.1", "62.6", "26.1", "992.3", "0.0", ""
"24/01/22", "48", "4.2", "24.4", "63.4", "25.5", "994.3", "0.0", ""
"24/01/23", "42", "5.9", "20.1", "64.4", "24.0", "997.2", "0.0", ""
"24/01/24", "42", "5.6", "21.0", "63.4", "24.1", "997.7", "0.0", ""
"24/01/25", "36", "4.6", "20.4", "67.0", "23.6", "999.0", "0.0", ""
"24/01/26", "42", "4.1", "22.3", "65.9", "24.1", "998.3", "0.0", ""
"24/01/27", "44", "4.4", "21.3", "71.2", "23.1", "997.6", "0.0", ""
"24/01/28", "39", "4.2", "22.1", "66.9", "23.9", "997.4", "0.0", ""
"24/01/29", "21", "2.2", "23.5", "67.4", "24.7", "995.8", "0.0", ""
"24/01/30", "31", "2.0", "25.1", "67.6", "26.1", "994.6", "0.0", ""
"24/01/31", "130", "1.3", "25.7", "70.1", "26.9", "993.2", "0.0", ""
"24/02/01", "152", "1.1", "27.0", "72.3", "29.0", "992.7", "0.0", ""
"24/02/02", "154", "1.3", "27.7", "71.4", "30.3", "991.4", "0.0", ""
"24/02/03", "152", "2.5", "28.0", "73.6", "31.1", "991.8", "8.8", ""
"24/02/04", "141", "1.6", "27.2", "81.6", "30.4", "992.4", "0.0", ""
"24/02/05", "163", "1.3", "27.6", "74.9", "30.5", "992.4", "0.0", ""
"24/02/06", "158", "2.0", "28.4", "74.3", "32.2", "991.9", "0.0", ""
"24/02/07", "146", "1.9", "27.8", "69.7", "30.2", "990.4", "0.0", ""
"24/02/08", "81", "2.7", "27.4", "71.0", "29.6", "990.6", "0.0", ""
"24/02/09", "48", "5.9", "22.6", "70.4", "23.8", "995.8", "0.0", ""
"24/02/10", "38", "6.1", "21.1", "62.7", "24.1", "999.3", "0.0", ""
"24/02/11", "39", "5.1", "20.3", "65.7", "23.8", "999.6", "0.0", ""
"24/02/12", "38", "4.0", "22.9", "64.2", "24.5", "997.6", "0.0", ""
"24/02/13", "39", "2.8", "24.4", "62.5", "25.5", "995.0", "0.0", ""
"24/02/14", "43", "2.1", "24.8", "65.4", "25.8", "993.4", "0.0", ""
"24/02/15", "49", "3.9", "26.9", "59.3", "27.9", "993.8", "0.0", ""
"24/02/16", "48", "4.1", "26.0", "60.8", "27.0", "993.1", "0.0", ""
"24/02/17", "148", "1.7", "26.4", "65.9", "27.7", "990.9", "0.0", ""
"24/02/18", "177", "1.7", "28.1", "68.9", "30.7", "990.7", "0.0", ""
"24/02/19", "175", "2.3", "29.1", "64.0", "31.8", "990.2", "0.0", ""
"24/02/20", "172", "3.0", "29.7", "61.6", "32.5", "989.6", "0.0", ""
"24/02/21", "165", "2.6", "29.6", "66.0", "33.1", "989.6", "0.0", ""
"24/02/22", "149", "2.1", "29.7", "66.1", "33.4", "990.8", "0.0", ""
"24/02/23", "122", "2.9", "29.6", "65.1", "33.0", "991.4", "0.0", ""
"24/02/24", "65", "4.1", "28.5", "61.9", "30.5", "992.3", "0.0", ""
"24/02/25", "46", "4.3", "26.7", "61.4", "27.8", "992.8", "0.0", ""
"24/02/26", "52", "3.8", "26.6", "62.0", "27.7", "992.5", "0.0", ""
"24/02/27", "40", "3.9", "26.7", "63.6", "28.0", "991.8", "0.0", ""
"24/02/28", "26", "2.5", "27.0", "64.3", "28.4", "990.1", "0.0", ""
"24/02/29", "68", "4.0", "28.1", "59.5", "29.5", "990.7", "0.0", ""
"24/03/01", "53", "5.6", "25.4", "61.8", "26.4", "992.4", "0.0", ""
"24/03/02", "41", "4.7", "23.8", "62.4", "25.1", "992.9", "0.0", ""
"24/03/03", "331", "1.9", "26.3", "65.5", "27.6", "990.1", "0.0", ""
"24/03/04", "175", "2.8", "29.0", "66.5", "32.1", "988.5", "0.0", ""
"24/03/05", "187", "2.9", "30.3", "58.8", "33.2", "986.6", "0.0", ""
"24/03/06", "211", "2.1", "30.0", "53.1", "31.5", "986.5", "0.0", ""
"24/03/07", "52", "3.7", "30.1", "56.9", "32.4", "987.8", "0.0", ""
"24/03/08", "46", "3.7", "27.1", "65.4", "28.7", "990.1", "0.0", ""
"24/03/09", "58", "2.8", "28.0", "64.8", "30.0", "990.6", "0.0", ""
"24/03/10", "89", "3.5", "28.9", "62.1", "31.2", "992.3", "0.0", ""
"24/03/11", "39", "3.9", "25.9", "66.7", "27.0", "993.1", "0.0", ""
"24/03/12", "75", "2.7", "28.0", "62.5", "29.8", "991.7", "0.0", ""
"24/03/13", "153", "2.7", "28.8", "68.3", "32.0", "990.4", "0.0", ""
"24/03/14", "157", "2.4", "29.7", "69.5", "34.3", "989.6", "0.0", ""
"24/03/15", "175", "2.8", "30.5", "64.4", "34.9", "990.2", "0.0", ""
"24/03/16", "153", "2.3", "29.9", "67.6", "34.2", "991.1", "0.0", ""
"24/03/17", "163", "1.8", "30.5", "64.4", "34.8", "990.0", "0.0", ""
"24/03/18", "142", "2.9", "31.5", "60.2", "35.9", "989.3", "0.0", ""
"24/03/19", "45", "4.6", "27.2", "69.7", "29.2", "992.7", "0.0", ""
"24/03/20", "31", "5.3", "25.1", "66.3", "26.1", "994.8", "0.0", ""
"24/03/21", "10", "2.0", "26.9", "63.3", "28.2", "990.5", "0.0", ""
"24/03/22", "147", "1.7", "28.4", "67.1", "31.0", "987.5", "0.0", ""
"24/03/23", "169", "3.4", "30.2", "63.7", "34.1", "988.1", "0.0", ""
"24/03/24", "181", "2.5", "30.7", "63.0", "34.9", "989.7", "0.0", ""
"24/03/25", "144", "1.7", "32.3", "59.3", "37.5", "989.5", "0.0", ""
"24/03/26", "22", "2.8", "28.1", "76.4", "31.9", "992.1", "22.2", ""
"24/03/27", "321", "2.1", "28.7", "74.5", "32.9", "991.9", "0.0", ""
"24/03/28", "31", "1.7", "29.6", "66.6", "33.5", "989.9", "0.0", ""
"24/03/29", "106", "2.0", "29.3", "73.3", "34.2", "990.6", "4.0", ""
"24/03/30", "166", "2.2", "29.9", "70.0", "34.8", "991.0", "0.0", ""
"24/03/31", "196", "2.3", "31.3", "62.6", "36.3", "988.7", "0.0", ""
"24/04/01", "194", "1.8", "31.4", "59.5", "35.6", "986.5", "0.0", ""
"24/04/02", "182", "2.8", "32.4", "55.6", "36.8", "986.0", "0.0", ""
"24/04/03", "181", "2.7", "32.1", "58.6", "36.8", "986.6", "0.0", ""
"24/04/04", "190", "2.2", "31.9", "56.9", "36.0", "986.1", "0.0", ""
"24/04/05", "175", "2.1", "33.1", "57.1", "38.8", "985.8", "0.0", ""
"24/04/06", "175", "2.5", "33.4", "57.0", "39.4", "986.0", "0.0", ""
"24/04/07", "165", "2.7", "33.0", "60.0", "39.6", "986.3", "0.0", ""
"24/04/08", "97", "2.6", "33.7", "58.2", "40.8", "987.1", "0.0", ""
"24/04/09", "63", "3.4", "30.6", "67.5", "35.8", "989.5", "0.0", ""
"24/04/10", "33", "2.2", "29.7", "65.8", "33.3", "990.5", "0.0", ""
"24/04/11", "43", "2.2", "31.3", "60.9", "35.8", "989.6", "0.0", ""
"24/04/12", "117", "2.1", "32.0", "58.9", "36.7", "988.1", "0.0", ""
"24/04/13", "164", "2.3", "33.0", "55.0", "37.7", "987.4", "0.0", ""
"24/04/14", "163", "2.6", "32.9", "59.0", "38.9", "988.1", "0.0", ""
"24/04/15", "163", "2.4", "32.9", "59.8", "39.3", "988.3", "0.0", ""
"24/04/16", "170", "2.5", "32.8", "58.4", "38.4", "986.6", "0.0", ""
"24/04/17", "192", "3.0", "32.7", "57.6", "38.0", "986.4", "0.0", ""
"24/04/18", "184", "3.2", "33.3", "52.4", "37.6", "984.7", "0.0", ""
"24/04/19", "185", "3.5", "33.5", "52.7", "38.1", "984.0", "0.0", ""
"24/04/20", "171", "3.5", "33.5", "53.9", "38.5", "984.2", "0.0", ""
"24/04/21", "177", "3.5", "33.5", "53.8", "38.5", "985.1", "0.0", ""
"24/04/22", "179", "3.5", "34.0", "52.3", "39.2", "984.7", "0.0", ""
"24/04/23", "165", "3.4", "34.0", "53.6", "39.6", "984.7", "0.0", ""
"24/04/24", "178", "2.7", "33.9", "55.4", "40.1", "984.9", "0.0", ""
"24/04/25", "182", "3.3", "34.3", "52.0", "39.8", "984.5", "0.0", ""
"24/04/26", "191", "3.6", "34.4", "50.9", "39.7", "984.0", "0.0", ""
"24/04/27", "186", "3.5", "34.7", "42.1", "37.4", "984.0", "0.0", ""
"24/04/28", "176", "3.9", "34.5", "48.4", "39.0", "985.5", "0.0", ""
"24/04/29", "190", "3.5", "35.0", "48.4", "40.0", "984.8", "0.0", ""
"24/04/30", "193", "3.7", "35.1", "43.6", "38.5", "982.7", "0.0", ""
"24/05/01", "164", "3.2", "34.5", "45.3", "37.9", "983.0", "0.0", ""
"24/05/02", "159", "3.1", "34.5", "50.1", "39.5", "984.5", "0.0", ""
"24/05/03", "169", "3.4", "33.8", "52.5", "38.9", "985.8", "0.0", ""
"24/05/04", "157", "3.2", "33.4", "55.5", "38.8", "985.0", "0.0", ""
"24/05/05", "114", "3.3", "31.2", "63.6", "36.3", "986.6", "0.0", ""
"24/05/06", "125", "3.3", "29.0", "77.2", "34.2", "988.8", "62.0", ""
"24/05/07", "55", "1.9", "28.5", "77.5", "33.0", "990.4", "0.0", ""
"24/05/08", "45", "2.4", "30.1", "70.9", "35.6", "988.4", "0.2", ""
"24/05/09", "54", "2.6", "30.8", "66.7", "36.0", "988.7", "0.0", ""
"24/05/10", "341", "2.3", "28.0", "81.3", "32.3", "989.8", "0.2", ""
"24/05/11", "341", "1.3", "30.3", "74.1", "36.7", "989.9", "0.0", ""
"24/05/12", "39", "1.9", "31.8", "63.8", "37.7", "987.9", "0.0", ""
"24/05/13", "45", "2.4", "27.1", "87.5", "30.8", "989.2", "3.8", ""
"24/05/14", "38", "1.9", "29.3", "75.5", "34.6", "988.9", "33.4", ""
"24/05/15", "73", "2.8", "30.1", "72.3", "35.9", "989.4", "0.0", ""
"24/05/16", "42", "2.2", "30.7", "70.0", "36.9", "988.4", "0.0", ""
"24/05/17", "147", "2.0", "27.8", "87.8", "32.7", "988.1", "19.4", ""
"24/05/18", "209", "1.9", "29.2", "80.2", "35.3", "985.3", "0.0", ""
"24/05/19", "174", "2.7", "30.5", "74.6", "37.5", "983.8", "0.0", ""
"24/05/20", "144", "3.7", "28.1", "83.5", "32.9", "985.3", "53.8", ""
"24/05/21", "133", "1.0", "27.1", "87.7", "30.7", "987.4", "0.2", ""
"24/05/22", "74", "2.1", "28.4", "82.9", "33.7", "986.7", "5.2", ""
"24/05/23", "71", "1.3", "26.6", "93.3", "29.9", "987.6", "14.8", ""
"24/05/24", "67", "1.2", "28.0", "88.0", "33.5", "987.4", "1.2", ""
"24/05/25", "62", "1.6", "27.8", "88.6", "32.8", "987.6", "3.8", ""
"24/05/26", "184", "2.4", "30.1", "77.5", "37.4", "987.1", "0.0", ""
"24/05/27", "227", "2.5", "30.7", "73.6", "38.0", "985.8", "0.0", ""
"24/05/28", "217", "2.0", "29.8", "77.6", "36.6", "985.5", "0.2", ""
"24/05/29", "199", "3.8", "30.5", "72.9", "37.1", "984.6", "0.0", ""
"24/05/30", "171", "3.3", "28.9", "86.9", "35.8", "984.1", "9.6", ""
"24/05/31", "154", "2.9", "27.8", "89.2", "32.9", "986.4", "36.0", ""
"24/06/01", "153", "2.1", "26.0", "95.4", "28.1", "989.6", "53.0", ""
"24/06/02", "194", "2.2", "28.9", "83.4", "35.3", "988.8", "0.0", ""
"24/06/03", "219", "2.5", "29.7", "74.9", "35.4", "987.3", "0.0", ""
"24/06/04", "209", "3.0", "29.8", "75.3", "35.8", "986.4", "0.4", ""
"24/06/05", "182", "3.2", "29.5", "78.0", "35.7", "987.7", "0.2", ""
"24/06/06", "175", "2.1", "29.3", "79.6", "35.6", "987.9", "0.0", ""
"24/06/07", "191", "3.5", "29.4", "77.3", "35.2", "985.9", "0.0", ""
"24/06/08", "168", "3.4", "28.6", "83.6", "34.4", "984.4", "3.2", ""
"24/06/09", "149", "3.3", "28.5", "84.0", "34.1", "985.2", "0.2", ""
"24/06/10", "158", "3.7", "27.2", "87.9", "31.0", "987.3", "8.6", ""
"24/06/11", "195", "2.4", "28.0", "87.1", "33.2", "987.8", "4.6", ""
"24/06/12", "218", "2.7", "29.4", "77.1", "35.1", "988.3", "0.0", ""
"24/06/13", "251", "2.5", "30.0", "75.1", "36.3", "986.5", "0.0", ""
"24/06/14", "242", "2.3", "30.8", "73.7", "38.3", "984.8", "0.0", ""
"24/06/15", "194", "2.0", "30.3", "76.2", "37.4", "984.6", "34.0", ""
"24/06/16", "181", "2.7", "29.6", "80.8", "36.6", "985.8", "0.0", ""
"24/06/17", "185", "2.9", "29.8", "76.2", "35.9", "985.8", "0.0", ""
"24/06/18", "205", "2.7", "29.0", "80.3", "34.8", "985.1", "7.4", ""
"24/06/19", "197", "2.6", "30.0", "77.3", "36.8", "984.2", "0.0", ""
"24/06/20", "196", "2.4", "30.5", "73.3", "37.2", "983.6", "0.0", ""
"24/06/21", "164", "2.5", "29.1", "83.8", "35.9", "983.1", "1.2", ""
"24/06/22", "183", "2.6", "27.1", "89.9", "31.0", "983.6", "0.8", ""
"24/06/23", "182", "2.3", "25.4", "98.3", "26.4", "984.4", "26.4", ""
"24/06/24", "172", "3.2", "26.5", "90.8", "29.4", "984.6", "36.6", ""
"24/06/25", "163", "2.7", "26.3", "93.1", "29.0", "985.4", "6.8", ""
"24/06/26", "167", "2.4", "25.4", "91.9", "26.6", "989.0", "2.0", ""
"24/06/27", "208", "1.2", "27.4", "89.8", "32.0", "988.1", "3.0", ""
"24/06/28", "195", "2.5", "28.2", "84.9", "33.5", "987.5", "1.6", ""
"24/06/29", "182", "2.8", "28.6", "82.5", "34.1", "988.2", "0.0", ""
"24/06/30", "194", "2.9", "28.3", "82.8", "33.4", "988.1", "0.0", ""
"24/07/01", "174", "2.0", "26.2", "92.5", "28.7", "986.9", "7.4", ""
"24/07/02", "206", "2.2", "28.3", "83.9", "33.7", "985.7", "0.0", ""
"24/07/03", "185", "2.0", "28.0", "84.2", "32.8", "988.1", "0.8", ""
"24/07/04", "173", "2.0", "27.4", "88.5", "31.6", "988.5", "9.2", ""
"24/07/05", "183", "2.1", "28.2", "82.1", "32.9", "986.3", "0.0", ""
"24/07/06", "140", "1.9", "29.1", "78.0", "34.6", "985.6", "0.0", ""
"24/07/07", "114", "2.2", "27.2", "90.3", "31.4", "986.6", "8.4", ""
"24/07/08", "145", "1.7", "26.9", "88.0", "30.3", "986.9", "1.6", ""
"24/07/09", "194", "2.6", "27.7", "83.6", "31.8", "988.1", "22.6", ""
"24/07/10", "178", "2.7", "26.9", "90.2", "30.5", "987.8", "8.2", ""
"24/07/11", "187", "3.2", "27.0", "89.3", "30.6", "985.7", "1.0", ""
"24/07/12", "202", "3.0", "27.6", "85.3", "31.9", "983.9", "0.8", ""
"24/07/13", "209", "2.3", "28.2", "85.5", "33.5", "983.0", "0.4", ""
"24/07/14", "210", "2.0", "27.3", "90.8", "31.6", "983.6", "3.6", ""
"24/07/15", "247", "3.0", "24.9", "99.9", "24.9", "982.6", "109.2", ""
"24/07/16", "180", "1.7", "25.9", "96.3", "28.0", "983.0", "2.6", ""
"24/07/17", "189", "2.3", "26.8", "90.9", "30.3", "983.2", "39.0", ""
"24/07/18", "206", "2.8", "25.8", "95.1", "27.6", "984.5", "20.8", ""
"24/07/19", "204", "3.1", "27.4", "89.2", "31.7", "984.8", "0.0", ""
"24/07/20", "238", "2.3", "27.6", "88.9", "32.3", "985.7", "1.2", ""
"24/07/21", "234", "3.0", "28.1", "88.7", "33.7", "985.2", "15.8", ""
"24/07/22", "236", "4.6", "28.6", "80.7", "33.7", "984.9", "0.0", ""
"24/07/23", "215", "4.5", "27.9", "82.5", "32.4", "983.5", "0.0", ""
"24/07/24", "209", "4.2", "28.2", "80.5", "32.7", "981.4", "0.0", ""
"24/07/25", "224", "5.0", "28.4", "78.1", "32.8", "981.3", "0.0", ""
"24/07/26", "201", "3.2", "26.7", "91.8", "30.0", "983.4", "7.0", ""
"24/07/27", "210", "3.5", "27.9", "86.8", "32.8", "984.8", "10.2", ""
"24/07/28", "182", "3.0", "25.6", "97.0", "27.2", "984.7", "13.0", ""
"24/07/29", "195", "3.1", "25.4", "96.0", "26.5", "985.6", "5.2", ""
"24/07/30", "183", "3.2", "26.9", "88.8", "30.4", "986.8", "0.0", ""
"24/07/31", "205", "2.8", "26.4", "91.4", "29.1", "988.7", "8.0", ""
"24/08/01", "199", "2.1", "26.4", "96.0", "29.5", "988.9", "13.2", ""
"24/08/02", "178", "1.8", "26.9", "91.8", "30.7", "988.5", "4.0", ""
"24/08/03", "213", "1.7", "26.6", "90.4", "29.7", "988.9", "0.2", ""
"24/08/04", "184", "2.2", "27.5", "85.3", "31.6", "988.3", "0.0", ""
"24/08/05", "196", "2.0", "28.9", "80.9", "34.6", "987.0", "0.0", ""
"24/08/06", "197", "2.2", "29.1", "81.9", "35.4", "986.7", "0.0", ""
"24/08/07", "202", "2.1", "29.0", "84.5", "35.6", "987.5", "0.0", ""
"24/08/08", "191", "2.5", "29.0", "84.3", "35.6", "987.8", "0.0", ""
"24/08/09", "190", "3.0", "29.6", "81.3", "36.9", "986.5", "0.0", ""
"24/08/10", "192", "3.2", "29.4", "81.9", "36.5", "984.8", "0.0", ""
"24/08/11", "169", "2.6", "28.2", "88.6", "34.0", "983.6", "0.0", ""
"24/08/12", "172", "2.5", "26.7", "93.8", "30.3", "985.0", "7.4", ""
"24/08/13", "172", "2.8", "28.4", "84.9", "34.0", "986.4", "0.0", ""
"24/08/14", "210", "2.2", "29.1", "85.0", "36.2", "986.4", "0.0", ""
"24/08/15", "200", "2.4", "29.7", "82.6", "37.6", "985.5", "0.0", ""
"24/08/16", "181", "2.6", "28.8", "85.6", "35.4", "985.7", "52.2", ""
"24/08/17", "98", "1.1", "26.2", "94.7", "28.7", "988.0", "56.4", ""
"24/08/18", "173", "1.7", "28.6", "90.5", "35.7", "987.3", "0.2", ""
"24/08/19", "234", "2.0", "29.2", "87.2", "36.9", "987.1", "0.0", ""
"24/08/20", "211", "2.1", "27.6", "89.0", "32.5", "988.2", "3.2", ""
"24/08/21", "185", "2.4", "28.7", "82.8", "34.5", "988.6", "0.0", ""
"24/08/22", "179", "2.1", "29.5", "81.1", "36.5", "988.9", "0.0", ""
"24/08/23", "187", "1.8", "27.7", "86.8", "32.2", "989.8", "0.0", ""
"24/08/24", "244", "1.4", "28.3", "84.6", "33.7", "988.7", "0.0", ""
"24/08/25", "168", "1.1", "27.1", "89.9", "31.1", "987.4", "0.0", ""
"24/08/26", "173", "1.8", "28.2", "87.7", "33.8", "987.1", "0.0", ""
"24/08/27", "200", "2.5", "27.6", "83.3", "31.6", "987.7", "0.4", ""
"24/08/28", "191", "2.3", "27.2", "87.7", "31.0", "986.5", "4.0", ""
"24/08/29", "185", "2.7", "26.7", "90.1", "29.9", "986.9", "1.8", ""
"24/08/30", "212", "2.2", "28.2", "83.9", "33.2", "986.7", "0.0", ""
"24/08/31", "290", "1.5", "27.2", "92.1", "31.4", "986.5", "0.2", ""
"24/09/01", "35", "1.4", "28.3", "85.4", "33.8", "985.4", "23.8", ""
"24/09/02", "114", "1.9", "27.6", "86.8", "32.1", "986.5", "25.6", ""
"24/09/03", "220", "1.5", "27.3", "91.9", "31.8", "986.6", "11.8", ""
"24/09/04", "186", "2.2", "27.3", "89.0", "31.4", "984.1", "1.8", ""
"24/09/05", "213", "1.9", "26.1", "94.6", "28.4", "982.8", "21.6", ""
"24/09/06", "203", "2.5", "25.2", "96.0", "25.9", "982.7", "25.0", ""
"24/09/07", "196", "4.1", "27.9", "84.7", "32.6", "984.1", "0.0", ""
"24/09/08", "184", "3.8", "28.5", "84.3", "34.1", "985.7", "0.0", ""
"24/09/09", "176", "2.9", "27.5", "88.7", "32.1", "985.3", "4.8", ""
"24/09/10", "162", "2.4", "27.8", "86.9", "32.5", "985.8", "52.2", ""
"24/09/11", "110", "1.8", "26.6", "93.7", "30.0", "987.4", "23.2", ""
"24/09/12", "235", "1.5", "26.6", "91.2", "29.8", "987.0", "0.0", ""
"24/09/13", "259", "2.3", "27.4", "90.1", "31.8", "984.4", "8.2", ""
"24/09/14", "230", "1.9", "25.2", "97.3", "26.0", "983.7", "3.2", ""
"24/09/15", "236", "1.9", "26.2", "94.1", "28.7", "982.9", "2.2", ""
"24/09/16", "321", "1.6", "27.3", "89.9", "31.7", "983.0", "17.6", ""
"24/09/17", "358", "1.7", "28.5", "82.8", "34.0", "982.2", "0.2", ""
"24/09/18", "312", "1.5", "26.6", "93.0", "29.9", "981.4", "0.0", ""
"24/09/19", "279", "2.2", "25.8", "96.4", "27.7", "980.0", "11.6", ""
"24/09/20", "213", "1.8", "24.7", "98.6", "24.7", "982.7", "5.0", ""
"24/09/21", "175", "2.5", "27.1", "89.8", "30.9", "984.3", "0.2", ""
"24/09/22", "179", "2.1", "24.6", "99.8", "24.2", "985.9", "33.4", ""
"24/09/23", "185", "1.8", "26.1", "92.0", "28.4", "989.4", "22.2", ""
"24/09/24", "334", "1.5", "24.8", "96.6", "24.9", "990.1", "17.0", ""
"24/09/25", "350", "0.9", "25.4", "93.5", "26.4", "990.7", "1.6", ""
"24/09/26", "25", "1.2", "28.2", "84.7", "33.5", "989.8", "0.0", ""
"24/09/27", "211", "1.3", "27.1", "91.7", "31.2", "989.3", "33.2", ""
"24/09/28", "193", "1.5", "28.4", "87.9", "34.5", "988.4", "0.0", ""
"24/09/29", "190", "1.7", "29.0", "85.8", "36.0", "987.2", "0.0", ""
"24/09/30", "162", "2.0", "26.2", "96.3", "28.8", "986.4", "20.4", ""
"24/10/01", "34", "2.9", "28.1", "83.2", "33.0", "988.6", "0.0", ""
"24/10/11", "62", "20.1", "25.5", "53.7", "26.3", "1007.6", "0.0", ""
"24/10/15", "49", "4.2", "25.0", "52.6", "26.0", "1008.2", "0.0", ""
"24/10/16", "28", "1.0", "26.4", "88.2", "28.9", "989.2", "0.0", ""
"24/10/17", "62", "1.4", "27.5", "85.5", "31.7", "989.1", "0.0", ""
"24/10/18", "78", "1.6", "26.0", "94.5", "28.2", "989.3", "15.0", ""
"24/10/19", "54", "1.9", "27.1", "85.7", "30.6", "990.4", "0.0", ""
"24/10/20", "51", "2.5", "27.7", "78.2", "31.1", "991.1", "0.0", ""
"24/10/21", "36", "2.8", "26.8", "82.9", "29.6", "990.3", "0.0", ""
"24/10/22", "42", "3.3", "27.6", "77.0", "30.7", "990.1", "0.0", ""
"24/10/23", "45", "2.9", "26.3", "78.7", "28.3", "990.9", "0.0", ""
"24/10/24", "52", "2.8", "25.5", "75.9", "26.7", "989.3", "0.0", ""
"24/10/25", "40", "1.6", "24.9", "70.7", "25.8", "987.5", "0.0", ""
"24/10/26", "83", "1.7", "25.2", "70.7", "26.3", "985.1", "0.6", ""
"24/10/27", "290", "2.4", "21.1", "99.5", "16.8", "984.4", "25.4", ""
"24/10/28", "352", "1.5", "25.1", "83.7", "25.9", "985.3", "0.0", ""
"24/10/29", "49", "1.4", "25.5", "82.5", "26.8", "988.0", "0.0", ""
"24/10/30", "35", "1.7", "25.7", "84.3", "27.1", "989.8", "0.0", ""
"24/10/31", "32", "1.3", "27.1", "78.0", "29.9", "988.6", "0.0", ""
"24/11/01", "59", "3.7", "26.5", "72.0", "28.1", "989.9", "0.0", ""
"24/11/02", "44", "4.4", "24.9", "70.9", "25.8", "992.6", "0.0", ""
"24/11/03", "44", "3.3", "25.0", "74.7", "25.9", "992.1", "0.0", ""
"24/11/04", "29", "3.0", "25.4", "79.6", "26.5", "991.7", "0.2", ""
"24/11/05", "32", "3.3", "25.3", "79.8", "26.3", "992.5", "0.0", ""
"24/11/06", "36", "3.5", "25.2", "75.2", "26.3", "993.4", "0.0", ""
"24/11/07", "39", "4.2", "24.8", "75.3", "25.6", "993.3", "0.0", ""
"24/11/08", "41", "4.1", "24.3", "74.6", "25.0", "992.8", "0.0", ""
"24/11/09", "48", "3.2", "23.9", "68.0", "24.9", "992.0", "0.0", ""
"24/11/10", "51", "3.4", "25.2", "68.3", "26.2", "991.8", "0.0", ""
"24/11/11", "37", "2.7", "25.9", "72.2", "27.2", "990.8", "0.0", ""
"24/11/12", "40", "2.8", "26.4", "75.7", "28.3", "989.2", "0.0", ""
"24/11/13", "55", "2.8", "27.2", "77.8", "29.9", "988.6", "0.0", ""
"24/11/14", "124", "1.0", "27.9", "81.5", "32.1", "988.7", "0.0", ""
"24/11/15", "212", "1.2", "27.4", "84.2", "31.1", "988.3", "0.0", ""
"24/11/16", "65", "2.4", "27.3", "84.5", "30.8", "988.5", "4.4", ""
"24/11/17", "54", "4.0", "26.1", "70.2", "27.4", "990.5", "0.0", ""
"24/11/18", "43", "3.9", "26.3", "73.1", "28.0", "991.3", "0.0", ""
"24/11/19", "38", "3.9", "25.6", "74.5", "26.9", "992.0", "0.0", ""
"24/11/20", "38", "3.9", "25.4", "72.7", "26.5", "991.9", "0.0", ""
"24/11/21", "37", "4.1", "24.5", "72.1", "25.4", "991.9", "0.0", ""
"24/11/22", "37", "4.2", "25.0", "72.0", "26.0", "992.1", "0.0", ""
"24/11/23", "38", "4.3", "25.2", "72.0", "26.3", "992.6", "0.0", ""
"24/11/24", "35", "3.7", "25.7", "74.0", "26.9", "991.9", "0.0", ""
"24/11/25", "37", "3.6", "26.0", "75.7", "27.5", "991.6", "0.0", ""
"24/11/26", "46", "4.8", "26.4", "71.6", "28.1", "991.6", "0.0", ""
"24/11/27", "36", "4.7", "24.7", "70.4", "25.7", "993.0", "0.0", ""
"24/11/28", "36", "5.1", "22.1", "70.7", "23.5", "995.5", "0.0", ""
"24/11/29", "37", "4.5", "20.9", "69.8", "23.3", "994.5", "0.0", ""
"24/11/30", "22", "2.5", "21.8", "72.6", "23.2", "991.4", "0.0", ""
"24/12/01", "45", "2.3", "23.3", "74.0", "24.0", "989.5", "0.0", ""
"24/12/02", "41", "3.0", "25.0", "69.9", "26.0", "989.7", "0.0", ""
"24/12/03", "46", "3.5", "25.5", "70.8", "26.6", "990.0", "0.0", ""
"24/12/04", "49", "4.1", "24.9", "69.6", "25.9", "990.4", "0.0", ""
"24/12/05", "38", "2.9", "24.0", "72.0", "24.8", "990.3", "0.0", ""
"24/12/06", "44", "2.7", "25.6", "72.8", "26.8", "989.9", "0.0", ""
"24/12/07", "48", "4.0", "25.9", "69.8", "27.2", "991.4", "0.0", ""
"24/12/08", "40", "5.0", "23.6", "72.5", "24.4", "992.8", "0.0", ""
"24/12/09", "24", "3.2", "23.5", "73.3", "24.3", "991.1", "0.0", ""
"24/12/10", "26", "2.5", "24.5", "76.6", "25.3", "989.5", "0.0", ""
"24/12/11", "47", "4.8", "25.7", "72.6", "26.9", "989.3", "0.0", ""
"24/12/12", "42", "4.9", "25.0", "71.1", "26.0", "990.3", "0.0", ""
"24/12/13", "41", "4.7", "23.3", "69.1", "24.4", "992.4", "0.0", ""
"24/12/14", "37", "5.3", "20.9", "66.9", "23.6", "995.5", "0.0", ""
"24/12/15", "33", "4.9", "19.3", "67.0", "23.8", "996.6", "0.0", ""
"24/12/16", "32", "4.2", "19.6", "69.0", "23.4", "995.9", "0.0", ""
"24/12/17", "38", "3.3", "22.0", "69.8", "23.6", "994.0", "0.0", ""
"24/12/18", "35", "4.4", "21.0", "68.7", "23.4", "994.6", "0.0", ""
"24/12/19", "35", "4.4", "21.2", "65.3", "23.9", "994.3", "0.0", ""
"24/12/20", "37", "3.8", "20.7", "70.8", "23.1", "993.2", "0.0", ""
"24/12/21", "41", "4.5", "21.2", "66.1", "23.8", "993.8", "0.0", ""
"24/12/22", "28", "4.0", "19.0", "69.9", "23.4", "993.7", "0.0", ""
"24/12/23", "36", "4.3", "21.0", "69.4", "23.3", "992.9", "0.0", ""
"24/12/24", "38", "4.6", "20.8", "67.4", "23.6", "994.2", "0.0", ""
"24/12/25", "35", "3.9", "22.2", "67.2", "23.9", "994.3", "0.0", ""
"24/12/26", "41", "4.2", "23.8", "69.8", "24.7", "994.9", "0.0", ""
"24/12/27", "44", "4.9", "23.6", "69.5", "24.6", "995.9", "0.0", ""
"24/12/28", "43", "6.0", "20.5", "67.2", "23.6", "997.2", "0.0", ""
"24/12/29", "34", "3.6", "20.5", "71.7", "22.9", "995.3", "0.0", ""
"24/12/30", "39", "3.1", "22.2", "69.6", "23.7", "994.5", "0.0", ""
"24/12/31", "36", "4.1", "21.9", "68.7", "23.7", "994.0", "0.0", ""
"25/01/01", "37", "3.0", "22.2", "67.5", "23.9", "992.1", "0.0", ""
"25/01/02", "40", "4.0", "23.0", "69.1", "24.2", "992.7", "0.0", ""
"25/01/03", "40", "4.5", "22.3", "61.4", "24.4", "993.7", "0.0", ""
"25/01/04", "40", "4.0", "21.6", "64.4", "24.0", "993.9", "0.0", ""
"25/01/05", "44", "4.3", "20.9", "60.8", "24.3", "994.6", "0.0", ""
"25/01/06", "32", "2.5", "20.0", "64.7", "24.0", "993.4", "0.0", ""
"25/01/07", "24", "2.4", "21.9", "65.1", "24.0", "992.6", "0.0", ""
"25/01/08", "38", "3.0", "22.8", "65.0", "24.4", "993.2", "0.0", ""
"25/01/09", "43", "5.0", "23.3", "67.3", "24.5", "995.2", "0.0", ""
"25/01/10", "41", "6.2", "20.3", "67.0", "23.6", "998.6", "0.0", ""
"25/01/11", "35", "5.9", "17.7", "65.8", "24.8", "1000.6", "0.0", ""
"25/01/12", "41", "5.3", "17.0", "60.5", "26.2", "998.5", "0.0", ""
"25/01/13", "26", "3.2", "18.6", "64.6", "24.5", "995.4", "0.0", ""
"25/01/14", "34", "3.1", "22.4", "68.0", "24.0", "994.8", "0.0", ""
"25/01/15", "40", "5.7", "22.1", "66.3", "24.0", "996.2", "0.0", ""
"25/01/16", "39", "5.6", "20.3", "64.0", "24.0", "996.8", "0.0", ""
"25/01/17", "30", "4.0", "19.9", "66.3", "23.8", "994.3", "0.0", ""
"25/01/18", "37", "3.1", "21.5", "63.3", "24.1", "992.8", "0.0", ""
"25/01/19", "49", "3.9", "21.3", "65.7", "23.8", "991.7", "0.0", ""
"25/01/20", "43", "3.2", "21.2", "63.7", "24.0", "991.5", "0.0", ""
"25/01/21", "53", "2.7", "20.9", "69.0", "23.4", "991.2", "0.0", ""
"25/01/22", "43", "2.4", "22.3", "66.6", "24.0", "991.2", "0.0", ""
"25/01/23", "55", "1.8", "21.9", "66.2", "23.9", "990.5", "0.0", ""
"25/01/24", "125", "1.3", "22.8", "63.4", "24.5", "989.1", "0.0", ""
"25/01/25", "64", "2.5", "25.1", "56.3", "26.1", "989.1", "0.0", ""
"25/01/26", "51", "7.7", "21.8", "61.4", "24.3", "993.4", "0.0", ""
"25/01/27", "44", "5.6", "18.1", "63.0", "25.0", "995.0", "0.0", ""
"25/01/28", "40", "5.2", "18.7", "65.2", "24.3", "997.2", "0.0", ""
"25/01/29", "41", "4.0", "20.0", "66.9", "23.7", "995.6", "0.0", ""
"25/01/30", "70", "1.9", "20.8", "65.9", "23.8", "991.7", "0.0", ""
"25/01/31", "66", "1.4", "22.6", "64.3", "24.3", "990.0", "0.0", ""
"25/02/01", "204", "1.3", "23.6", "61.4", "25.0", "988.3", "0.0", ""
"25/02/02", "106", "2.1", "25.4", "56.5", "26.3", "988.3", "0.0", ""
"25/02/03", "47", "5.8", "23.9", "65.2", "25.0", "991.9", "0.0", ""
"25/02/04", "42", "4.8", "20.6", "65.9", "23.8", "993.5", "0.0", ""
"25/02/05", "61", "2.5", "22.5", "69.0", "23.9", "991.0", "0.0", ""
"25/02/06", "52", "2.7", "24.9", "65.0", "25.9", "989.9", "0.0", ""
"25/02/07", "48", "6.4", "23.5", "64.4", "24.8", "992.9", "0.0", ""
"25/02/08", "44", "6.3", "20.7", "64.3", "24.0", "995.1", "0.0", ""
"25/02/09", "36", "5.4", "19.8", "66.8", "23.7", "994.7", "0.0", ""
"25/02/10", "38", "3.4", "21.8", "65.6", "23.9", "993.5", "0.0", ""
"25/02/11", "28", "2.6", "23.3", "66.3", "24.6", "992.0", "0.0", ""
"25/02/12", "37", "3.3", "25.9", "59.6", "26.9", "991.3", "0.0", ""
"25/02/13", "47", "4.3", "26.0", "63.5", "27.0", "991.2", "0.0", ""
"25/02/14", "27", "2.7", "26.0", "61.9", "27.0", "990.0", "0.0", ""
"25/02/15", "78", "2.6", "27.0", "57.2", "27.9", "988.6", "0.0", ""
"25/02/16", "71", "3.8", "27.6", "62.4", "29.2", "990.7", "0.0", ""
"25/02/17", "54", "4.2", "26.7", "62.0", "27.9", "992.3", "0.0", ""
"25/02/18", "46", "4.2", "25.8", "63.8", "26.8", "992.9", "0.0", ""
"25/02/19", "52", "4.5", "26.0", "61.3", "27.0", "992.4", "0.0", ""
"25/02/20", "45", "4.7", "26.1", "61.4", "27.1", "992.6", "0.0", ""
"25/02/21", "47", "4.9", "26.2", "62.8", "27.3", "993.5", "0.0", ""
"25/02/22", "42", "4.9", "26.8", "64.0", "28.1", "993.8", "0.0", ""
"25/02/23", "45", "7.0", "26.3", "63.1", "27.4", "995.6", "0.0", ""
"25/02/24", "38", "6.3", "23.8", "64.7", "25.0", "997.4", "0.0", ""
"25/02/25", "34", "4.9", "24.7", "62.2", "25.7", "997.3", "0.0", ""
"25/02/26", "26", "3.5", "24.0", "68.1", "25.0", "995.0", "0.0", ""
"25/02/27", "29", "2.3", "26.7", "59.7", "27.6", "991.9", "0.0", ""
"25/02/28", "80", "2.1", "28.4", "55.9", "29.6", "990.4", "0.0", ""
"25/03/01", "150", "2.2", "29.8", "59.9", "32.5", "988.0", "0.0", ""
"25/03/02", "158", "2.6", "30.3", "64.4", "34.4", "987.0", "0.0", ""
"25/03/03", "186", "2.5", "29.9", "66.8", "34.0", "986.8", "1.8", ""
"25/03/04", "195", "2.7", "30.3", "65.5", "34.6", "986.0", "0.0", ""
"25/03/05", "183", "2.3", "30.6", "64.4", "35.0", "986.3", "0.0", ""
"25/03/06", "70", "6.3", "26.4", "67.5", "27.7", "989.9", "0.2", ""
"25/03/07", "36", "5.5", "21.0", "66.6", "23.7", "992.5", "0.0", ""
"25/03/08", "24", "4.0", "22.3", "67.5", "24.0", "993.1", "0.0", ""
"25/03/09", "38", "4.2", "26.4", "61.1", "27.4", "993.2", "0.0", ""
"25/03/10", "45", "3.6", "28.2", "59.4", "29.6", "992.3", "0.0", ""
"25/03/11", "85", "2.4", "29.8", "60.9", "32.6", "989.8", "0.0", ""
"25/03/12", "181", "2.7", "28.8", "69.8", "32.3", "988.4", "0.2", ""
"25/03/13", "128", "1.8", "27.0", "79.1", "29.6", "989.7", "0.0", ""
"25/03/14", "89", "1.5", "28.9", "70.9", "32.6", "989.7", "0.0", ""
"25/03/15", "243", "2.5", "30.9", "62.5", "35.2", "989.0", "0.0", ""
"25/03/16", "53", "6.6", "25.6", "63.5", "26.6", "990.9", "0.0", ""
"25/03/17", "44", "5.0", "23.8", "63.6", "25.0", "993.0", "0.0", ""
"25/03/18", "43", "7.1", "22.0", "60.0", "24.5", "995.7", "0.0", ""
"25/03/19", "44", "6.6", "21.1", "55.6", "24.7", "998.5", "0.0", ""
"25/03/20", "43", "6.0", "22.1", "57.4", "24.6", "997.9", "0.0", ""
"25/03/21", "40", "4.5", "22.8", "58.9", "24.7", "996.4", "0.0", ""
"25/03/22", "33", "3.6", "24.9", "60.3", "25.9", "994.1", "0.0", ""
"25/03/23", "47", "2.3", "26.3", "61.5", "27.3", "991.7", "0.0", ""
"25/03/24", "54", "2.7", "28.3", "54.3", "29.3", "988.3", "0.0", ""
"25/03/25", "153", "2.0", "29.6", "57.0", "31.5", "985.1", "0.0", ""
"25/03/26", "177", "3.2", "30.7", "61.7", "34.6", "983.9", "0.0", ""
"25/03/27", "171", "3.6", "31.3", "59.4", "35.3", "983.5", "0.0", ""
"25/03/28", "166", "2.5", "31.4", "60.9", "36.0", "985.1", "0.0", ""
"25/03/29", "78", "4.3", "28.2", "72.9", "31.6", "988.0", "13.2", ""
"25/03/30", "40", "4.7", "24.0", "67.4", "25.0", "991.7", "0.0", ""
"25/03/31", "41", "4.2", "25.0", "60.5", "26.0", "991.3", "0.0", ""
"25/04/01", "41", "4.7", "23.2", "60.5", "24.8", "992.1", "0.0", ""
"25/04/02", "41", "4.1", "24.8", "58.6", "25.8", "992.5", "0.0", ""
"25/04/03", "49", "3.0", "26.4", "61.8", "27.5", "991.8", "0.0", ""
"25/04/04", "210", "1.8", "28.7", "61.6", "30.7", "989.3", "0.0", ""
"25/04/05", "181", "2.8", "30.9", "57.8", "34.2", "988.3", "0.0", ""
"25/04/06", "56", "3.0", "29.5", "63.3", "32.5", "989.8", "0.0", ""
"25/04/07", "71", "2.9", "29.0", "67.0", "32.3", "991.1", "0.0", ""
"25/04/08", "120", "1.9", "30.6", "64.6", "35.0", "990.2", "0.0", ""
"25/04/09", "191", "3.1", "28.6", "73.0", "32.4", "988.3", "1.4", ""
"25/04/10", "152", "2.5", "27.5", "78.9", "30.8", "987.3", "0.0", ""
"25/04/11", "187", "2.8", "30.1", "66.1", "34.3", "986.6", "0.0", ""
"25/04/12", "103", "3.6", "29.7", "69.5", "34.3", "988.1", "0.0", ""
"25/04/13", "48", "5.4", "26.4", "58.1", "27.2", "990.5", "0.0", ""
"25/04/14", "27", "2.7", "26.9", "55.2", "27.6", "991.0", "0.0", ""
"25/04/15", "18", "2.5", "29.8", "50.6", "30.9", "988.7", "0.0", ""
"25/04/16", "201", "2.7", "30.2", "60.0", "33.2", "988.0", "0.0", ""
"25/04/17", "211", "2.9", "31.2", "61.7", "35.6", "987.0", "0.0", ""
"25/04/18", "105", "3.2", "29.3", "75.3", "34.5", "987.0", "3.0", ""
"25/04/19", "338", "1.9", "29.0", "76.4", "33.9", "986.9", "0.2", ""
"25/04/20", "108", "1.8", "30.8", "68.6", "36.5", "987.7", "0.0", ""
"25/04/21", "175", "2.7", "30.6", "66.1", "35.5", "988.8", "0.0", ""
"25/04/22", "186", "3.2", "30.5", "68.0", "35.8", "988.3", "1.6", ""
"25/04/23", "165", "2.7", "29.1", "74.1", "33.8", "987.2", "6.6", ""
"25/04/24", "168", "3.2", "31.2", "63.2", "36.1", "987.0", "0.0", ""
"25/04/25", "137", "3.2", "31.1", "62.6", "35.8", "987.7", "0.0", ""
"25/04/26", "155", "2.5", "30.6", "68.1", "36.1", "988.8", "9.6", ""
"25/04/27", "138", "1.9", "29.9", "69.5", "34.6", "988.8", "0.0", ""
"25/04/28", "324", "2.8", "28.9", "72.3", "32.8", "988.5", "2.8", ""
"25/04/29", "38", "2.5", "28.9", "70.8", "32.7", "989.0", "0.0", ""
"25/04/30", "76", "1.9", "30.5", "63.9", "34.7", "988.3", "0.0", ""
"25/05/01", "51", "3.2", "30.1", "64.3", "33.9", "989.1", "0.0", ""
"25/05/02", "191", "2.8", "29.8", "70.9", "34.8", "987.8", "4.0", ""
"25/05/03", "180", "1.3", "26.5", "87.0", "29.1", "988.0", "0.2", ""
"25/05/04", "184", "3.2", "29.1", "75.8", "34.1", "986.7", "0.0", ""
"25/05/05", "183", "2.5", "30.4", "70.0", "36.0", "986.1", "0.0", ""
"25/05/06", "160", "2.9", "31.1", "67.8", "37.3", "985.7", "0.0", ""
"25/05/07", "173", "2.7", "32.0", "63.4", "38.2", "984.9", "0.0", ""
"25/05/08", "153", "2.7", "31.0", "67.1", "36.7", "985.2", "0.0", ""
"25/05/09", "217", "3.3", "30.4", "71.6", "36.5", "985.5", "1.2", ""
"25/05/10", "168", "3.7", "27.9", "81.4", "32.0", "986.8", "12.4", ""
"25/05/11", "47", "3.8", "26.6", "77.1", "28.7", "986.9", "0.0", ""
"25/05/12", "68", "3.3", "27.1", "80.0", "29.9", "987.0", "7.6", ""
"25/05/13", "83", "1.7", "25.8", "93.4", "27.7", "988.3", "18.8", ""
"25/05/14", "100", "2.2", "27.5", "87.3", "32.0", "989.0", "7.2", ""
"25/05/15", "73", "1.9", "26.4", "89.4", "29.1", "989.6", "2.4", ""
"25/05/16", "137", "1.8", "28.8", "76.9", "33.6", "988.6", "0.0", ""
"25/05/17", "324", "1.6", "26.7", "91.1", "30.1", "988.6", "25.8", ""
"25/05/18", "288", "1.2", "28.4", "87.1", "34.3", "987.5", "1.6", ""
"25/05/19", "175", "1.6", "27.4", "89.8", "32.0", "987.3", "21.4", ""
"25/05/20", "116", "1.9", "26.8", "89.0", "30.2", "987.2", "5.4", ""
"25/05/21", "193", "2.2", "27.2", "88.2", "31.1", "987.1", "0.2", ""
"25/05/22", "217", "1.3", "28.8", "81.8", "34.4", "984.8", "0.0", ""
"25/05/23", "160", "2.1", "29.2", "81.1", "35.5", "983.9", "0.0", ""
"25/05/24", "93", "2.2", "27.3", "89.9", "31.5", "986.4", "24.4", ""
"25/05/25", "90", "3.4", "28.0", "82.3", "32.4", "988.4", "56.6", ""
"25/05/26", "55", "2.8", "26.6", "90.1", "29.6", "988.2", "27.2", ""
"25/05/27", "107", "2.6", "27.6", "86.9", "32.0", "987.3", "2.8", ""
"25/05/28", "146", "1.8", "27.2", "92.0", "31.6", "986.1", "5.4", ""
"25/05/29", "209", "2.8", "26.4", "90.5", "29.0", "987.2", "2.4", ""
"25/05/30", "196", "2.9", "26.7", "91.1", "30.0", "988.3", "20.8", ""
"25/05/31", "192", "3.5", "26.2", "90.1", "28.5", "988.6", "41.4", ""
"25/06/01", "200", "3.6", "28.7", "82.0", "34.4", "987.0", "0.0", ""
"25/06/02", "205", "3.6", "28.6", "80.2", "33.6", "986.2", "0.0", ""
"25/06/03", "173", "3.1", "27.1", "88.8", "30.9", "986.2", "33.6", ""
"25/06/04", "169", "2.3", "28.8", "84.1", "35.0", "986.4", "0.0", ""
"25/06/05", "176", "1.7", "27.6", "91.8", "32.8", "986.6", "8.4", ""
"25/06/06", "170", "2.5", "29.2", "84.0", "36.4", "986.1", "0.0", ""
"25/06/07", "177", "2.8", "30.1", "79.7", "37.8", "985.4", "0.0", ""
"25/06/08", "171", "2.3", "28.7", "83.7", "34.8", "985.1", "0.0", ""
"25/06/09", "182", "2.6", "29.6", "78.2", "36.1", "984.0", "0.0", ""
"25/06/10", "257", "2.2", "27.8", "86.4", "32.5", "983.5", "101.2", ""
"25/06/11", "266", "2.7", "26.8", "91.6", "30.2", "983.3", "0.4", ""
"25/06/12", "227", "3.6", "26.8", "93.6", "30.6", "982.6", "5.2", ""
"25/06/13", "189", "3.1", "25.8", "97.2", "27.6", "984.8", "5.0", ""
"25/06/14", "179", "3.7", "27.5", "86.9", "31.7", "986.3", "0.2", ""
"25/06/15", "191", "3.1", "28.6", "82.0", "34.2", "986.3", "0.0", ""
"25/06/16", "186", "2.0", "28.8", "82.9", "34.9", "986.9", "0.0", ""
"25/06/17", "190", "2.8", "29.9", "79.2", "37.2", "987.1", "0.0", ""
"25/06/18", "174", "3.2", "29.1", "83.1", "35.7", "986.7", "0.0", ""
"25/06/19", "170", "2.2", "27.9", "86.6", "33.0", "986.8", "0.0", ""
"25/06/20", "184", "2.1", "28.3", "83.6", "33.6", "986.1", "0.0", ""
"25/06/21", "167", "2.5", "28.7", "82.7", "34.3", "985.9", "0.0", ""
"25/06/22", "179", "2.3", "28.0", "83.7", "32.6", "986.3", "0.2", ""
"25/06/23", "173", "3.1", "28.0", "81.5", "32.4", "985.7", "0.4", ""
"25/06/24", "177", "2.4", "28.5", "78.6", "33.1", "986.0", "0.0", ""
"25/06/25", "202", "2.1", "27.7", "86.1", "32.1", "986.7", "6.0", ""
"25/06/26", "184", "2.7", "26.5", "90.2", "29.3", "986.5", "0.0", ""
"25/06/27", "198", "2.8", "25.8", "90.7", "27.6", "986.1", "2.0", ""
"25/06/28", "190", "2.8", "26.8", "87.3", "30.0", "984.8", "0.0", ""
"25/06/29", "198", "2.9", "26.9", "86.0", "30.1", "984.3", "0.0", ""
"25/06/30", "212", "2.8", "27.7", "81.9", "31.7", "984.4", "0.0", ""
"Average", "97", "3.1", "26.7", "74.3", "28.6", "986.7", "", "-"
"Minimum", "", "", "16.9", "0.0", "16.8", "0.0", "", "-"
"Day", "", "", "23/12/22", "19/12/23", "24/10/27", "17/05/17", "", ""
"Maximum", "62", "20.1", "35.1", "99.9", "40.8", "1008.2", "4594.3", "-"
"Day", "", "24/10/11", "24/04/30", "24/07/15", "24/04/08", "24/10/15", "288 days", ""
